run,Run Title,Alternative,NPV,IRR,AVE_IRI
1,T3Run1 Project Analysis,Upgrade,16917048,50.31000137,3.819999933
2,T3Run1 Project Analysis,Regravelling,15684053,-9999.990234,7.099999905
3,T3Run2 Project Analysis,Upgrade,16283774,48.95999908,3.769999981
4,T3Run2 Project Analysis,Regravelling,14626226,-9999.990234,7
5,T3Run3 Project Analysis,Upgrade,17399098,51.54999924,3.849999905
6,T3Run3 Project Analysis,Regravelling,15919815,-9999.990234,7.150000095
7,T3Run4 Project Analysis,Upgrade,16798812,50.36000061,3.789999962
8,T3Run4 Project Analysis,Regravelling,15609284,-9999.990234,6.699999809
9,T3Run5 Project Analysis,Upgrade,17360448,52.04000092,3.789999962
10,T3Run5 Project Analysis,Regravelling,13935837,795.4400024,6.699999809
11,T3Run6 Project Analysis,Upgrade,19772858,58.02000046,3.950000048
12,T3Run6 Project Analysis,Regravelling,15807283,-9999.990234,6.940000057
13,T3Run7 Project Analysis,Upgrade,22839322,66.23999786,3.99000001
14,T3Run7 Project Analysis,Regravelling,14147052,730.75,6.659999847
15,T3Run8 Project Analysis,Upgrade,52001564,131.8099976,4.269999981
16,T3Run8 Project Analysis,Regravelling,40443776,-9999.990234,7.880000114
17,T3Run9 Project Analysis,Upgrade,50377232,128.5399933,4.199999809
18,T3Run9 Project Analysis,Regravelling,42604580,-9999.990234,7.269999981
19,T3Run10 Project Analysis,Upgrade,53032080,133.9400024,4.309999943
20,T3Run10 Project Analysis,Regravelling,45963688,-9999.990234,7.449999809
21,T3Run11 Project Analysis,Upgrade,51726332,133.8800049,4.21999979
22,T3Run11 Project Analysis,Regravelling,41930252,-9999.990234,7.309999943
23,T3Run12 Project Analysis,Upgrade,52745380,136.4100037,4.21999979
24,T3Run12 Project Analysis,Regravelling,41814244,-9999.990234,6.920000076
25,T3Run13 Project Analysis,Upgrade,58389872,148.6900024,4.46999979
26,T3Run13 Project Analysis,Regravelling,46793312,-9999.990234,7.199999809
27,T3Run14 Project Analysis,Upgrade,64816264,165.9400024,4.519999981
28,T3Run14 Project Analysis,Regravelling,39441376,-9999.990234,7.260000229
29,T3Run15 Project Analysis,Upgrade,275168032,703.5300293,5.570000172
30,T3Run15 Project Analysis,Regravelling,235638752,-9999.990234,9.210000038
31,T3Run16 Project Analysis,Upgrade,266911472,682.9500122,5.420000076
32,T3Run16 Project Analysis,Regravelling,222388864,-9999.990234,8.989999771
33,T3Run17 Project Analysis,Upgrade,280350336,716.4500122,5.650000095
34,T3Run17 Project Analysis,Regravelling,238748144,-9999.990234,9.329999924
35,T3Run18 Project Analysis,Upgrade,272067296,697.6099854,5.480000019
36,T3Run18 Project Analysis,Regravelling,246061936,-9999.990234,8.550000191
37,T3Run19 Project Analysis,Upgrade,276695648,709.2199707,5.46999979
38,T3Run19 Project Analysis,Regravelling,227400384,-9999.990234,8.529999733
39,T3Run20 Project Analysis,Upgrade,304815040,779.8200073,5.949999809
40,T3Run20 Project Analysis,Regravelling,248416944,-9999.990234,9.140000343
41,T3Run21 Project Analysis,Upgrade,332417216,849.2999878,6.059999943
42,T3Run21 Project Analysis,Regravelling,236468624,-9999.990234,8.770000458
43,T3Run22 Project Analysis,Upgrade,16917048,50.31000137,3.819999933
44,T3Run22 Project Analysis,Regravelling,15684053,-9999.990234,7.099999905
45,T3Run23 Project Analysis,Upgrade,16283774,48.95999908,3.769999981
46,T3Run23 Project Analysis,Regravelling,14626226,-9999.990234,7
47,T3Run25 Project Analysis,Upgrade,16798812,50.36000061,3.789999962
48,T3Run25 Project Analysis,Regravelling,15609284,-9999.990234,6.699999809
49,T3Run26 Project Analysis,Upgrade,17360448,52.04000092,3.789999962
50,T3Run26 Project Analysis,Regravelling,13935837,795.4400024,6.699999809
51,T3Run27 Project Analysis,Upgrade,19772858,58.02000046,3.950000048
52,T3Run27 Project Analysis,Regravelling,15807283,-9999.990234,6.940000057
53,T3Run28 Project Analysis,Upgrade,22839322,66.23999786,3.99000001
54,T3Run28 Project Analysis,Regravelling,14147052,730.75,6.659999847
55,T3Run29 Project Analysis,Upgrade,52001564,131.8099976,4.269999981
56,T3Run29 Project Analysis,Regravelling,40443776,-9999.990234,7.880000114
57,T3Run30 Project Analysis,Upgrade,50377232,128.5399933,4.199999809
58,T3Run30 Project Analysis,Regravelling,42604580,-9999.990234,7.269999981
59,T3Run31 Project Analysis,Upgrade,53032080,133.9400024,4.309999943
60,T3Run31 Project Analysis,Regravelling,45963688,-9999.990234,7.449999809
61,T3Run32 Project Analysis,Upgrade,51726332,133.8800049,4.21999979
62,T3Run32 Project Analysis,Regravelling,41930252,-9999.990234,7.309999943
63,T3Run33 Project Analysis,Upgrade,52745380,136.4100037,4.21999979
64,T3Run33 Project Analysis,Regravelling,41814244,-9999.990234,6.920000076
65,T3Run34 Project Analysis,Upgrade,58389872,148.6900024,4.46999979
66,T3Run34 Project Analysis,Regravelling,46793312,-9999.990234,7.199999809
67,T3Run35 Project Analysis,Upgrade,64816264,165.9400024,4.519999981
68,T3Run35 Project Analysis,Regravelling,39441376,-9999.990234,7.260000229
69,T3Run36 Project Analysis,Upgrade,275168032,703.5300293,5.570000172
70,T3Run36 Project Analysis,Regravelling,235638752,-9999.990234,9.210000038
71,T3Run37 Project Analysis,Upgrade,266911472,682.9500122,5.420000076
72,T3Run37 Project Analysis,Regravelling,222388864,-9999.990234,8.989999771
73,T3Run38 Project Analysis,Upgrade,280350336,716.4500122,5.650000095
74,T3Run38 Project Analysis,Regravelling,238748144,-9999.990234,9.329999924
75,T3Run39 Project Analysis,Upgrade,272067296,697.6099854,5.480000019
76,T3Run39 Project Analysis,Regravelling,246061936,-9999.990234,8.550000191
77,T3Run40 Project Analysis,Upgrade,276695648,709.2199707,5.46999979
78,T3Run40 Project Analysis,Regravelling,227400384,-9999.990234,8.529999733
79,T3Run41 Project Analysis,Upgrade,304815040,779.8200073,5.949999809
80,T3Run41 Project Analysis,Regravelling,248416944,-9999.990234,9.140000343
81,T3Run42 Project Analysis,Upgrade,332417216,849.2999878,6.059999943
82,T3Run42 Project Analysis,Regravelling,236468624,-9999.990234,8.770000458
83,T3Run43 Project Analysis,Upgrade,18620210,57.91999817,4.71999979
84,T3Run43 Project Analysis,Regravelling,24413918,-9999.990234,6.619999886
85,T3Run44 Project Analysis,Upgrade,17947856,56.40000153,4.639999866
86,T3Run44 Project Analysis,Regravelling,22623980,-9999.990234,6.570000172
87,T3Run45 Project Analysis,Upgrade,19043326,58.86000061,4.769999981
88,T3Run45 Project Analysis,Regravelling,24847952,-9999.990234,6.639999866
89,T3Run46 Project Analysis,Upgrade,18387556,57.45999908,4.670000076
90,T3Run46 Project Analysis,Regravelling,22120924,-9999.990234,6.590000153
91,T3Run47 Project Analysis,Upgrade,18843048,58.59999847,4.670000076
92,T3Run47 Project Analysis,Regravelling,19744418,-9999.990234,6.590000153
93,T3Run48 Project Analysis,Upgrade,21088016,63.5,4.940000057
94,T3Run48 Project Analysis,Regravelling,22279062,-9999.990234,6.71999979
95,T3Run49 Project Analysis,Upgrade,23933344,70.87000275,5.010000229
96,T3Run49 Project Analysis,Regravelling,18463288,523.2399902,6.75
97,T3Run50 Project Analysis,Upgrade,53840384,144.2100067,5.269999981
98,T3Run50 Project Analysis,Regravelling,65084516,-9999.990234,6.989999771
99,T3Run51 Project Analysis,Upgrade,52143040,140.3500061,5.150000095
100,T3Run51 Project Analysis,Regravelling,61013072,-9999.990234,6.929999828
101,T3Run52 Project Analysis,Upgrade,54915408,146.6900024,5.340000153
102,T3Run52 Project Analysis,Regravelling,66130904,-9999.990234,7.03000021
103,T3Run53 Project Analysis,Upgrade,53226656,143.0200043,5.199999809
104,T3Run53 Project Analysis,Regravelling,60001732,-9999.990234,6.949999809
105,T3Run54 Project Analysis,Regravelling,54348996,-9999.990234,6.949999809
106,T3Run54 Project Analysis,Minimum Maintenance (U),0,-9999.990234,18.55999947
107,T3Run55 Project Analysis,Upgrade,60029348,158.7599945,5.579999924
108,T3Run55 Project Analysis,Regravelling,60372648,-9999.990234,7.159999847
109,T3Run56 Project Analysis,Upgrade,66253668,174.9799957,5.670000076
110,T3Run56 Project Analysis,Regravelling,50954168,-9999.990234,7.210000038
111,T3Run57 Project Analysis,Upgrade,275142880,708.4099731,6.5
112,T3Run57 Project Analysis,Regravelling,305174560,-9999.990234,8.869999886
113,T3Run58 Project Analysis,Upgrade,266877600,687.710022,6.309999943
114,T3Run58 Project Analysis,Regravelling,288069504,-9999.990234,8.680000305
115,T3Run59 Project Analysis,Upgrade,280329856,721.4099731,6.599999905
116,T3Run59 Project Analysis,Regravelling,309240320,-9999.990234,8.970000267
117,T3Run60 Project Analysis,Upgrade,271884448,700.3900146,6.380000114
118,T3Run60 Project Analysis,Regravelling,315894528,-9999.990234,8.270000458
119,T3Run61 Project Analysis,Upgrade,276512160,712,6.369999886
120,T3Run61 Project Analysis,Regravelling,291909792,-9999.990234,8.260000229
121,T3Run62 Project Analysis,Upgrade,304614560,782.4000244,6.989999771
122,T3Run62 Project Analysis,Regravelling,318100512,-9999.990234,8.760000229
123,T3Run63 Project Analysis,Upgrade,332194144,851.5800171,7.130000114
124,T3Run63 Project Analysis,Regravelling,273860832,-9999.990234,8.880000114
125,T3Run64 Project Analysis,Upgrade,19235782,59.13000107,4.980000019
126,T3Run64 Project Analysis,Regravelling,27401592,-9999.990234,6.53000021
127,T3Run65 Project Analysis,Upgrade,18562636,57.68999863,4.900000095
128,T3Run65 Project Analysis,Regravelling,25528216,834.6300049,6.5
129,T3Run67 Project Analysis,Upgrade,18995946,58.68000031,4.929999828
130,T3Run67 Project Analysis,Regravelling,24955836,779.9000244,6.510000229
131,T3Run68 Project Analysis,Upgrade,19435710,59.77000046,4.920000076
132,T3Run68 Project Analysis,Regravelling,22179580,587.0499878,6.510000229
133,T3Run69 Project Analysis,Upgrade,21719656,64.61000061,5.199999809
134,T3Run69 Project Analysis,Regravelling,24836800,685.6900024,6.599999905
135,T3Run70 Project Analysis,Upgrade,24509804,71.84999847,5.269999981
136,T3Run70 Project Analysis,Regravelling,20611108,468.5599976,6.619999886
137,T3Run71 Project Analysis,Upgrade,54762656,145.75,5.460000038
138,T3Run71 Project Analysis,Regravelling,72442216,-9999.990234,6.809999943
139,T3Run72 Project Analysis,Upgrade,53034284,141.8800049,5.340000153
140,T3Run72 Project Analysis,Regravelling,67999344,-9999.990234,6.760000229
141,T3Run73 Project Analysis,Upgrade,55854380,148.2299957,5.53000021
142,T3Run73 Project Analysis,Regravelling,73556328,-9999.990234,6.840000153
143,T3Run74 Project Analysis,Upgrade,54097540,144.3800049,5.380000114
144,T3Run74 Project Analysis,Regravelling,66501748,-9999.990234,6.78000021
145,T3Run75 Project Analysis,Upgrade,55111864,146.9199982,5.380000114
146,T3Run75 Project Analysis,Regravelling,60166384,-9999.990234,6.78000021
147,T3Run76 Project Analysis,Upgrade,61000540,160.1300049,5.760000229
148,T3Run76 Project Analysis,Regravelling,66703368,-9999.990234,6.929999828
149,T3Run77 Project Analysis,Upgrade,67161056,176.1699982,5.849999905
150,T3Run77 Project Analysis,Regravelling,56491600,-9999.990234,6.96999979
151,T3Run78 Project Analysis,Upgrade,276879392,708.6300049,6.480000019
152,T3Run78 Project Analysis,Regravelling,344414048,-9999.990234,8.420000076
153,T3Run79 Project Analysis,Upgrade,268548928,687.9199829,6.289999962
154,T3Run79 Project Analysis,Regravelling,325226816,-9999.990234,8.260000229
155,T3Run80 Project Analysis,Upgrade,282101344,721.6199951,6.579999924
156,T3Run80 Project Analysis,Regravelling,348946208,-9999.990234,8.510000229
157,T3Run81 Project Analysis,Upgrade,273569344,700.4799805,6.369999886
158,T3Run81 Project Analysis,Regravelling,318104000,-9999.990234,8.319999695
159,T3Run82 Project Analysis,Upgrade,278193120,712.0900269,6.360000134
160,T3Run82 Project Analysis,Regravelling,294174208,-9999.990234,8.31000042
161,T3Run83 Project Analysis,Upgrade,306508704,782.4899902,6.96999979
162,T3Run83 Project Analysis,Regravelling,320641472,-9999.990234,8.819999695
163,T3Run84 Project Analysis,Upgrade,333997600,851.6599731,7.110000134
164,T3Run84 Project Analysis,Regravelling,276272256,-9999.990234,8.930000305
165,T3Run85 Project Analysis,Upgrade,18161286,57.36999893,5.28000021
166,T3Run85 Project Analysis,Regravelling,27043976,583.3800049,6.610000134
167,T3Run86 Project Analysis,Upgrade,17597884,56.15000153,5.190000057
168,T3Run86 Project Analysis,Regravelling,25347698,546.7700195,6.579999924
169,T3Run87 Project Analysis,Upgrade,18532768,58.18000031,5.320000172
170,T3Run87 Project Analysis,Regravelling,27376562,593.3200073,6.630000114
171,T3Run88 Project Analysis,Upgrade,17992588,57.06000137,5.21999979
172,T3Run88 Project Analysis,Regravelling,24654532,537.6500244,6.590000153
173,T3Run89 Project Analysis,Upgrade,18440862,58.18999863,5.21999979
174,T3Run89 Project Analysis,Regravelling,21868816,458.0299988,6.590000153
175,T3Run91 Project Analysis,Upgrade,23498944,70.26999664,5.559999943
176,T3Run91 Project Analysis,Regravelling,19954302,417.4299927,6.710000038
177,T3Run92 Project Analysis,Upgrade,51549256,139.3300018,5.690000057
178,T3Run92 Project Analysis,Regravelling,69531568,-9999.990234,6.889999866
179,T3Run93 Project Analysis,Upgrade,50094564,136.0700073,5.570000172
180,T3Run93 Project Analysis,Regravelling,65572804,-9999.990234,6.840000153
181,T3Run94 Project Analysis,Upgrade,52494268,141.4900055,5.75
182,T3Run94 Project Analysis,Regravelling,70404608,-9999.990234,6.920000076
183,T3Run95 Project Analysis,Upgrade,51061872,138.3500061,5.610000134
184,T3Run95 Project Analysis,Regravelling,63833184,-9999.990234,6.860000134
185,T3Run96 Project Analysis,Upgrade,52093144,140.9400024,5.599999905
186,T3Run96 Project Analysis,Regravelling,57561704,-9999.990234,6.860000134
187,T3Run97 Project Analysis,Upgrade,57087092,152.1900024,5.989999771
188,T3Run97 Project Analysis,Regravelling,62580548,-9999.990234,7.010000229
189,T3Run98 Project Analysis,Upgrade,64190504,170.3899994,6.079999924
190,T3Run98 Project Analysis,Regravelling,53432048,-9999.990234,7.050000191
191,T3Run99 Project Analysis,Upgrade,260594192,668.3699951,6.570000172
192,T3Run99 Project Analysis,Regravelling,319130336,-9999.990234,8.479999542
193,T3Run100 Project Analysis,Upgrade,253575696,650.9199829,6.380000114
194,T3Run100 Project Analysis,Regravelling,302113184,-9999.990234,8.319999695
195,T3Run101 Project Analysis,Upgrade,265112384,679.6199951,6.679999828
196,T3Run101 Project Analysis,Regravelling,322540352,-9999.990234,8.56000042
197,T3Run102 Project Analysis,Upgrade,258132720,662.2999878,6.449999809
198,T3Run102 Project Analysis,Regravelling,293828896,-9999.990234,8.380000114
199,T3Run103 Project Analysis,Upgrade,262837664,674.0999756,6.440000057
200,T3Run103 Project Analysis,Regravelling,270031904,-9999.990234,8.369999886
201,T3Run104 Project Analysis,Upgrade,286859648,733.8400269,7.059999943
202,T3Run104 Project Analysis,Regravelling,289484416,-9999.990234,8.880000114
203,T3Run106 Project Analysis,Upgrade,19626246,54.08000183,3.829999924
204,T3Run106 Project Analysis,Regravelling,17764096,-9999.990234,7.130000114
205,T3Run107 Project Analysis,Upgrade,18918662,52.66999817,3.779999971
206,T3Run107 Project Analysis,Regravelling,18050632,-9999.990234,6.699999809
207,T3Run108 Project Analysis,Upgrade,20155068,55.38000107,3.859999895
208,T3Run108 Project Analysis,Regravelling,18024402,-9999.990234,7.179999828
209,T3Run109 Project Analysis,Upgrade,19481930,54.11999893,3.799999952
210,T3Run109 Project Analysis,Regravelling,17628680,-9999.990234,6.730000019
211,T3Run110 Project Analysis,Upgrade,20096010,55.90999985,3.799999952
212,T3Run110 Project Analysis,Regravelling,15787684,847.9000244,6.71999979
213,T3Run111 Project Analysis,Upgrade,22775404,62.20999908,3.960000038
214,T3Run111 Project Analysis,Regravelling,17854250,-9999.990234,6.96999979
215,T3Run112 Project Analysis,Upgrade,26130974,70.76999664,4
216,T3Run112 Project Analysis,Regravelling,15955411,769.1900024,6.690000057
217,T3Run113 Project Analysis,Upgrade,58543764,139.9499969,4.289999962
218,T3Run113 Project Analysis,Regravelling,45335656,-9999.990234,7.940000057
219,T3Run114 Project Analysis,Upgrade,56728504,136.4900055,4.210000038
220,T3Run114 Project Analysis,Regravelling,47479016,-9999.990234,7.329999924
221,T3Run115 Project Analysis,Upgrade,59695040,142.1999969,4.329999924
222,T3Run115 Project Analysis,Regravelling,51203856,-9999.990234,7.510000229
223,T3Run116 Project Analysis,Upgrade,58216632,142.2299957,4.239999771
224,T3Run116 Project Analysis,Regravelling,46728828,-9999.990234,7.369999886
225,T3Run117 Project Analysis,Upgrade,59344720,144.8800049,4.230000019
226,T3Run117 Project Analysis,Regravelling,46434184,-9999.990234,6.96999979
227,T3Run118 Project Analysis,Upgrade,65646948,157.8699951,4.480000019
228,T3Run118 Project Analysis,Regravelling,51882156,-9999.990234,7.260000229
229,T3Run119 Project Analysis,Upgrade,72725968,175.9499969,4.539999962
230,T3Run119 Project Analysis,Regravelling,44065328,-9999.990234,7.320000172
231,T3Run120 Project Analysis,Upgrade,305374400,740.789978,5.590000153
232,T3Run120 Project Analysis,Regravelling,255953392,-9999.990234,9.399999619
233,T3Run121 Project Analysis,Upgrade,296224128,719.1400146,5.449999809
234,T3Run121 Project Analysis,Regravelling,241635552,-9999.990234,9.159999847
235,T3Run122 Project Analysis,Upgrade,311117408,754.3800049,5.670000076
236,T3Run122 Project Analysis,Regravelling,259240064,-9999.990234,9.529999733
237,T3Run123 Project Analysis,Upgrade,301923904,734.5499878,5.5
238,T3Run123 Project Analysis,Regravelling,265368064,-9999.990234,8.729999542
239,T3Run124 Project Analysis,Upgrade,307051904,746.75,5.489999771
240,T3Run124 Project Analysis,Regravelling,245610240,-9999.990234,8.710000038
241,T3Run125 Project Analysis,Upgrade,338208512,820.9799805,5.980000019
242,T3Run125 Project Analysis,Regravelling,267764368,-9999.990234,9.359999657
243,T3Run126 Project Analysis,Upgrade,368786080,893.9500122,6.090000153
244,T3Run126 Project Analysis,Regravelling,253784032,-9999.990234,9
245,T3Run127 Project Analysis,Upgrade,19626246,54.08000183,3.829999924
246,T3Run127 Project Analysis,Regravelling,17764096,-9999.990234,7.130000114
247,T3Run128 Project Analysis,Upgrade,18918662,52.66999817,3.779999971
248,T3Run128 Project Analysis,Regravelling,18050632,-9999.990234,6.699999809
249,T3Run130 Project Analysis,Upgrade,19481930,54.11999893,3.799999952
250,T3Run130 Project Analysis,Regravelling,17628680,-9999.990234,6.730000019
251,T3Run131 Project Analysis,Upgrade,20096010,55.90999985,3.799999952
252,T3Run131 Project Analysis,Regravelling,15787684,847.9000244,6.71999979
253,T3Run132 Project Analysis,Upgrade,22775404,62.20999908,3.960000038
254,T3Run132 Project Analysis,Regravelling,17854250,-9999.990234,6.96999979
255,T3Run133 Project Analysis,Upgrade,26130974,70.76999664,4
256,T3Run133 Project Analysis,Regravelling,15955411,769.1900024,6.690000057
257,T3Run134 Project Analysis,Upgrade,58543764,139.9499969,4.289999962
258,T3Run134 Project Analysis,Regravelling,45335656,-9999.990234,7.940000057
259,T3Run135 Project Analysis,Upgrade,56728504,136.4900055,4.210000038
260,T3Run135 Project Analysis,Regravelling,47479016,-9999.990234,7.329999924
261,T3Run136 Project Analysis,Upgrade,59695040,142.1999969,4.329999924
262,T3Run136 Project Analysis,Regravelling,51203856,-9999.990234,7.510000229
263,T3Run137 Project Analysis,Upgrade,58216632,142.2299957,4.239999771
264,T3Run137 Project Analysis,Regravelling,46728828,-9999.990234,7.369999886
265,T3Run138 Project Analysis,Upgrade,59344720,144.8800049,4.230000019
266,T3Run138 Project Analysis,Regravelling,46434184,-9999.990234,6.96999979
267,T3Run139 Project Analysis,Upgrade,65646948,157.8699951,4.480000019
268,T3Run139 Project Analysis,Regravelling,51882156,-9999.990234,7.260000229
269,T3Run140 Project Analysis,Upgrade,72725968,175.9499969,4.539999962
270,T3Run140 Project Analysis,Regravelling,44065328,-9999.990234,7.320000172
271,T3Run141 Project Analysis,Upgrade,305374400,740.789978,5.590000153
272,T3Run141 Project Analysis,Regravelling,255953392,-9999.990234,9.399999619
273,T3Run142 Project Analysis,Upgrade,296224128,719.1400146,5.449999809
274,T3Run142 Project Analysis,Regravelling,241635552,-9999.990234,9.159999847
275,T3Run144 Project Analysis,Upgrade,301923904,734.5499878,5.5
276,T3Run144 Project Analysis,Regravelling,265368064,-9999.990234,8.729999542
277,T3Run145 Project Analysis,Upgrade,307051904,746.75,5.489999771
278,T3Run145 Project Analysis,Regravelling,245610240,-9999.990234,8.710000038
279,T3Run146 Project Analysis,Upgrade,338208512,820.9799805,5.980000019
280,T3Run146 Project Analysis,Regravelling,267764368,-9999.990234,9.359999657
281,T3Run147 Project Analysis,Upgrade,368786080,893.9500122,6.090000153
282,T3Run147 Project Analysis,Regravelling,253784032,-9999.990234,9
283,T3Run148 Project Analysis,Upgrade,21379796,61.97999954,4.730000019
284,T3Run148 Project Analysis,Regravelling,26863446,-9999.990234,6.639999866
285,T3Run149 Project Analysis,Upgrade,20631684,60.40000153,4.650000095
286,T3Run149 Project Analysis,Regravelling,24932536,-9999.990234,6.590000153
287,T3Run150 Project Analysis,Upgrade,21853022,62.97000122,4.78000021
288,T3Run150 Project Analysis,Regravelling,27334842,-9999.990234,6.659999847
289,T3Run151 Project Analysis,Upgrade,21117216,61.5,4.679999828
290,T3Run151 Project Analysis,Regravelling,24383536,-9999.990234,6.610000134
291,T3Run152 Project Analysis,Upgrade,21620694,62.70000076,4.670000076
292,T3Run152 Project Analysis,Regravelling,21815736,-9999.990234,6.610000134
293,T3Run153 Project Analysis,Upgrade,24133630,67.84999847,4.949999809
294,T3Run153 Project Analysis,Regravelling,24571544,-9999.990234,6.739999771
295,T3Run154 Project Analysis,Upgrade,27268296,75.59999847,5.019999981
296,T3Run154 Project Analysis,Regravelling,20423292,537.6300049,6.769999981
297,T3Run155 Project Analysis,Upgrade,60414236,152.8699951,5.28000021
298,T3Run155 Project Analysis,Regravelling,70897424,-9999.990234,7.039999962
299,T3Run156 Project Analysis,Upgrade,58523228,148.7899933,5.159999847
300,T3Run156 Project Analysis,Regravelling,66494904,-9999.990234,6.96999979
301,T3Run157 Project Analysis,Upgrade,61610872,155.4900055,5.349999905
302,T3Run157 Project Analysis,Regravelling,72032632,-9999.990234,7.079999924
303,T3Run158 Project Analysis,Upgrade,59725308,151.6100006,5.210000038
304,T3Run158 Project Analysis,Regravelling,65381400,-9999.990234,7
305,T3Run159 Project Analysis,Upgrade,60850652,154.2799988,5.199999809
306,T3Run159 Project Analysis,Regravelling,59295132,-9999.990234,6.989999771
307,T3Run160 Project Analysis,Upgrade,67295680,168.2200012,5.590000153
308,T3Run160 Project Analysis,Regravelling,65817196,-9999.990234,7.210000038
309,T3Run161 Project Analysis,Upgrade,74170320,185.2400055,5.679999828
310,T3Run161 Project Analysis,Regravelling,55949156,-9999.990234,7.260000229
311,T3Run162 Project Analysis,Upgrade,305129088,745.6199951,6.539999962
312,T3Run162 Project Analysis,Regravelling,327009408,-9999.990234,9.050000191
313,T3Run163 Project Analysis,Upgrade,295970944,723.8499756,6.349999905
314,T3Run163 Project Analysis,Regravelling,308756256,-9999.990234,8.850000381
315,T3Run164 Project Analysis,Upgrade,310876384,759.2800293,6.639999866
316,T3Run164 Project Analysis,Regravelling,331268544,-9999.990234,9.159999847
317,T3Run165 Project Analysis,Upgrade,301516384,737.1699829,6.429999828
318,T3Run165 Project Analysis,Regravelling,336078688,-9999.990234,8.449999809
319,T3Run166 Project Analysis,Upgrade,306643808,749.3699951,6.409999847
320,T3Run166 Project Analysis,Regravelling,310944320,-9999.990234,8.43999958
321,T3Run167 Project Analysis,Upgrade,337781984,823.3699951,7.03000021
322,T3Run167 Project Analysis,Regravelling,338300736,-9999.990234,8.979999542
323,T3Run168 Project Analysis,Upgrade,368339008,896.0700073,7.170000076
324,T3Run168 Project Analysis,Regravelling,291456000,-9999.990234,9.109999657
325,T3Run169 Project Analysis,Upgrade,22067808,63.25,4.989999771
326,T3Run169 Project Analysis,Regravelling,29957934,-9999.990234,6.550000191
327,T3Run170 Project Analysis,Upgrade,21312916,61.72000122,4.900000095
328,T3Run170 Project Analysis,Regravelling,27942126,846.0100098,6.519999981
329,T3Run171 Project Analysis,Upgrade,22548498,64.23000336,5.039999962
330,T3Run171 Project Analysis,Regravelling,30449330,-9999.990234,6.559999943
331,T3Run172 Project Analysis,Upgrade,21796000,62.75999832,4.929999828
332,T3Run172 Project Analysis,Regravelling,27324078,790.6500244,6.53000021
333,T3Run173 Project Analysis,Upgrade,22282966,63.90000153,4.929999828
334,T3Run173 Project Analysis,Regravelling,24350238,595.7399902,6.53000021
335,T3Run174 Project Analysis,Regravelling,27232250,695.4199829,6.630000114
336,T3Run174 Project Analysis,Minimum Maintenance (U),0,-9999.990234,20.96999931
337,T3Run175 Project Analysis,Upgrade,27919102,76.62000275,5.269999981
338,T3Run175 Project Analysis,Regravelling,22669040,475.9599915,6.650000095
339,T3Run176 Project Analysis,Upgrade,61439848,154.4499969,5.46999979
340,T3Run176 Project Analysis,Regravelling,78428720,-9999.990234,6.860000134
341,T3Run177 Project Analysis,Upgrade,59513300,150.3699951,5.349999905
342,T3Run177 Project Analysis,Regravelling,73651424,-9999.990234,6.809999943
343,T3Run178 Project Analysis,Upgrade,62655624,157.0599976,5.53000021
344,T3Run178 Project Analysis,Regravelling,79628464,-9999.990234,6.889999866
345,T3Run179 Project Analysis,Upgrade,60695428,152.9900055,5.389999866
346,T3Run179 Project Analysis,Regravelling,72043072,-9999.990234,6.820000172
347,T3Run180 Project Analysis,Upgrade,61818580,155.6699982,5.380000114
348,T3Run180 Project Analysis,Regravelling,65268624,-9999.990234,6.820000172
349,T3Run181 Project Analysis,Upgrade,68380616,169.6199951,5.78000021
350,T3Run181 Project Analysis,Regravelling,72322304,-9999.990234,6.989999771
351,T3Run182 Project Analysis,Upgrade,75185056,186.4499969,5.860000134
352,T3Run182 Project Analysis,Regravelling,61646252,-9999.990234,7.03000021
353,T3Run183 Project Analysis,Upgrade,307118048,745.8200073,6.5
354,T3Run183 Project Analysis,Regravelling,366642048,-9999.990234,8.609999657
355,T3Run184 Project Analysis,Upgrade,297892544,724.0499878,6.309999943
356,T3Run184 Project Analysis,Regravelling,346286688,-9999.990234,8.43999958
357,T3Run185 Project Analysis,Upgrade,312901504,759.4799805,6.599999905
358,T3Run185 Project Analysis,Regravelling,371371904,-9999.990234,8.699999809
359,T3Run186 Project Analysis,Upgrade,303452864,737.25,6.389999866
360,T3Run186 Project Analysis,Regravelling,338338496,-9999.990234,8.5
361,T3Run187 Project Analysis,Upgrade,308576160,749.4500122,6.380000114
362,T3Run187 Project Analysis,Regravelling,313258880,-9999.990234,8.489999771
363,T3Run188 Project Analysis,Upgrade,339934656,823.4500122,6.989999771
364,T3Run188 Project Analysis,Regravelling,340898912,-9999.990234,9.039999962
365,T3Run189 Project Analysis,Upgrade,370398848,896.1400146,7.130000114
366,T3Run189 Project Analysis,Regravelling,293921440,-9999.990234,9.159999847
367,T3Run190 Project Analysis,Upgrade,20840650,61.36999893,5.28000021
368,T3Run190 Project Analysis,Regravelling,29453012,591.1699829,6.630000114
369,T3Run191 Project Analysis,Upgrade,20208624,60.08000183,5.199999809
370,T3Run191 Project Analysis,Regravelling,27629180,554.210022,6.599999905
371,T3Run192 Project Analysis,Upgrade,21256284,62.22999954,5.329999924
372,T3Run192 Project Analysis,Regravelling,29815708,601.2399902,6.650000095
373,T3Run193 Project Analysis,Upgrade,20648776,61.04000092,5.230000019
374,T3Run193 Project Analysis,Regravelling,26885868,544.9699707,6.610000134
375,T3Run194 Project Analysis,Upgrade,21144702,62.22999954,5.21999979
376,T3Run194 Project Analysis,Regravelling,23902806,464.6300049,6.610000134
377,T3Run195 Project Analysis,Upgrade,23308522,66.55000305,5.5
378,T3Run195 Project Analysis,Regravelling,26058118,507.1400146,6.710000038
379,T3Run197 Project Analysis,Upgrade,57836432,147.6300049,5.699999809
380,T3Run197 Project Analysis,Regravelling,75101912,-9999.990234,6.940000057
381,T3Run198 Project Analysis,Upgrade,56214872,144.1799927,5.579999924
382,T3Run198 Project Analysis,Regravelling,70842192,-9999.990234,6.889999866
383,T3Run199 Project Analysis,Upgrade,58888700,149.8999939,5.760000229
384,T3Run199 Project Analysis,Regravelling,76045528,-9999.990234,6.96999979
385,T3Run200 Project Analysis,Upgrade,57290076,146.5899963,5.619999886
386,T3Run200 Project Analysis,Regravelling,68978000,-9999.990234,6.909999847
387,T3Run201 Project Analysis,Upgrade,58432104,149.3099976,5.610000134
388,T3Run201 Project Analysis,Regravelling,62268816,-9999.990234,6.900000095
389,T3Run202 Project Analysis,Upgrade,63996996,161.1799927,6
390,T3Run202 Project Analysis,Regravelling,67693768,-9999.990234,7.070000172
391,T3Run203 Project Analysis,Upgrade,71854992,180.3000031,6.090000153
392,T3Run203 Project Analysis,Regravelling,58198796,-9999.990234,7.110000134
393,T3Run204 Project Analysis,Upgrade,289086016,703.4899902,6.590000153
394,T3Run204 Project Analysis,Regravelling,339358080,-9999.990234,8.670000076
395,T3Run205 Project Analysis,Upgrade,281313440,685.1500244,6.400000095
396,T3Run205 Project Analysis,Regravelling,321334752,-9999.990234,8.5
397,T3Run206 Project Analysis,Upgrade,294090176,715.3099976,6.699999809
398,T3Run206 Project Analysis,Regravelling,342878912,-9999.990234,8.760000229
399,T3Run207 Project Analysis,Upgrade,286361280,697.1099854,6.46999979
400,T3Run207 Project Analysis,Regravelling,312162976,-9999.990234,8.56000042
401,T3Run208 Project Analysis,Upgrade,291574528,709.5100098,6.460000038
402,T3Run208 Project Analysis,Regravelling,287226336,-9999.990234,8.550000191
403,T3Run209 Project Analysis,Upgrade,318178272,772.3099976,7.070000172
404,T3Run209 Project Analysis,Regravelling,307321408,-9999.990234,9.100000381
405,T3Run210 Project Analysis,Upgrade,353930560,857.6599731,7.210000038
406,T3Run210 Project Analysis,Regravelling,268672192,-9999.990234,9.220000267
407,T3Run211 Project Analysis,Upgrade,26094520,62.02999878,3.849999905
408,T3Run211 Project Analysis,Regravelling,22739840,-9999.990234,7.199999809
409,T3Run212 Project Analysis,Upgrade,25209398,60.45000076,3.799999952
410,T3Run212 Project Analysis,Regravelling,22962028,-9999.990234,6.760000229
411,T3Run213 Project Analysis,Upgrade,26735064,63.43000031,3.880000114
412,T3Run213 Project Analysis,Regravelling,23061444,-9999.990234,7.25
413,T3Run214 Project Analysis,Upgrade,25881414,62.00999832,3.819999933
414,T3Run214 Project Analysis,Regravelling,22436498,-9999.990234,6.789999962
415,T3Run215 Project Analysis,Upgrade,26620214,64.01999664,3.809999943
416,T3Run215 Project Analysis,Regravelling,20203170,-9999.990234,6.78000021
417,T3Run216 Project Analysis,Upgrade,29940278,71.01999664,3.980000019
418,T3Run216 Project Analysis,Regravelling,22733936,-9999.990234,7.039999962
419,T3Run217 Project Analysis,Upgrade,33976048,80.30999756,4.019999981
420,T3Run217 Project Analysis,Regravelling,20257304,849.9699707,6.75
421,T3Run218 Project Analysis,Upgrade,74048304,157.1799927,4.309999943
422,T3Run218 Project Analysis,Regravelling,56872852,-9999.990234,8.079999924
423,T3Run220 Project Analysis,Upgrade,75486328,159.6900024,4.360000134
424,T3Run220 Project Analysis,Regravelling,63497608,-9999.990234,7.639999866
425,T3Run221 Project Analysis,Upgrade,73592584,159.9100037,4.260000229
426,T3Run221 Project Analysis,Regravelling,57977152,-9999.990234,7.489999771
427,T3Run222 Project Analysis,Upgrade,74978632,162.8399963,4.260000229
428,T3Run222 Project Analysis,Regravelling,57230736,-9999.990234,7.090000153
429,T3Run223 Project Analysis,Upgrade,82841544,177.3500061,4.510000229
430,T3Run223 Project Analysis,Regravelling,63753820,-9999.990234,7.400000095
431,T3Run224 Project Analysis,Upgrade,91504872,197.4600067,4.570000172
432,T3Run224 Project Analysis,Regravelling,58175196,-9999.990234,7.110000134
433,T3Run225 Project Analysis,Upgrade,376622720,819.7199707,5.650000095
434,T3Run225 Project Analysis,Regravelling,299887680,-9999.990234,9.840000153
435,T3Run226 Project Analysis,Upgrade,365358304,795.8099976,5.510000229
436,T3Run226 Project Analysis,Regravelling,283038656,-9999.990234,9.569999695
437,T3Run227 Project Analysis,Upgrade,383692224,834.7299805,5.730000019
438,T3Run227 Project Analysis,Regravelling,302619328,-9999.990234,9.979999542
439,T3Run228 Project Analysis,Upgrade,372343136,812.789978,5.559999943
440,T3Run228 Project Analysis,Regravelling,307337952,-9999.990234,9.140000343
441,T3Run229 Project Analysis,Upgrade,378653472,826.2399902,5.550000191
442,T3Run229 Project Analysis,Regravelling,285546560,-9999.990234,9.130000114
443,T3Run231 Project Analysis,Upgrade,454614752,-9999.990234,6.150000095
444,T3Run231 Project Analysis,Regravelling,291335104,-9999.990234,9.529999733
445,T3Run232 Project Analysis,Upgrade,26094520,62.02999878,3.849999905
446,T3Run232 Project Analysis,Regravelling,22739840,-9999.990234,7.199999809
447,T3Run233 Project Analysis,Upgrade,25209398,60.45000076,3.799999952
448,T3Run233 Project Analysis,Regravelling,22962028,-9999.990234,6.760000229
449,T3Run234 Project Analysis,Upgrade,26735064,63.43000031,3.880000114
450,T3Run234 Project Analysis,Regravelling,23061444,-9999.990234,7.25
451,T3Run235 Project Analysis,Upgrade,25881414,62.00999832,3.819999933
452,T3Run235 Project Analysis,Regravelling,22436498,-9999.990234,6.789999962
453,T3Run236 Project Analysis,Upgrade,26620214,64.01999664,3.809999943
454,T3Run236 Project Analysis,Regravelling,20203170,-9999.990234,6.78000021
455,T3Run237 Project Analysis,Upgrade,29940278,71.01999664,3.980000019
456,T3Run237 Project Analysis,Regravelling,22733936,-9999.990234,7.039999962
457,T3Run238 Project Analysis,Upgrade,33976048,80.30999756,4.019999981
458,T3Run238 Project Analysis,Regravelling,20257304,849.9699707,6.75
459,T3Run239 Project Analysis,Upgrade,74048304,157.1799927,4.309999943
460,T3Run239 Project Analysis,Regravelling,56872852,-9999.990234,8.079999924
461,T3Run240 Project Analysis,Upgrade,71779488,153.3200073,4.239999771
462,T3Run240 Project Analysis,Regravelling,58917356,-9999.990234,7.449999809
463,T3Run241 Project Analysis,Upgrade,75486328,159.6900024,4.360000134
464,T3Run241 Project Analysis,Regravelling,63497608,-9999.990234,7.639999866
465,T3Run242 Project Analysis,Upgrade,73592584,159.9100037,4.260000229
466,T3Run242 Project Analysis,Regravelling,57977152,-9999.990234,7.489999771
467,T3Run243 Project Analysis,Upgrade,74978632,162.8399963,4.260000229
468,T3Run243 Project Analysis,Regravelling,57230736,-9999.990234,7.090000153
469,T3Run244 Project Analysis,Upgrade,82841544,177.3500061,4.510000229
470,T3Run244 Project Analysis,Regravelling,63753820,-9999.990234,7.400000095
471,T3Run245 Project Analysis,Upgrade,91504872,197.4600067,4.570000172
472,T3Run245 Project Analysis,Regravelling,58175196,-9999.990234,7.110000134
473,T3Run246 Project Analysis,Upgrade,376622720,819.7199707,5.650000095
474,T3Run246 Project Analysis,Regravelling,299887680,-9999.990234,9.840000153
475,T3Run247 Project Analysis,Upgrade,365358304,795.8099976,5.510000229
476,T3Run247 Project Analysis,Regravelling,283038656,-9999.990234,9.569999695
477,T3Run248 Project Analysis,Upgrade,383692224,834.7299805,5.730000019
478,T3Run248 Project Analysis,Regravelling,302619328,-9999.990234,9.979999542
479,T3Run249 Project Analysis,Upgrade,372343136,812.789978,5.559999943
480,T3Run249 Project Analysis,Regravelling,307337952,-9999.990234,9.140000343
481,T3Run250 Project Analysis,Upgrade,378653472,826.2399902,5.550000191
482,T3Run250 Project Analysis,Regravelling,285546560,-9999.990234,9.130000114
483,T3Run251 Project Analysis,Upgrade,416995328,-9999.990234,6.039999962
484,T3Run251 Project Analysis,Regravelling,310073984,-9999.990234,9.869999886
485,T3Run252 Project Analysis,Upgrade,454614752,-9999.990234,6.150000095
486,T3Run252 Project Analysis,Regravelling,291335104,-9999.990234,9.529999733
487,T3Run253 Project Analysis,Upgrade,27942470,70.51999664,4.75
488,T3Run253 Project Analysis,Regravelling,32609536,-9999.990234,6.690000057
489,T3Run254 Project Analysis,Upgrade,27012560,68.80999756,4.659999847
490,T3Run254 Project Analysis,Regravelling,30352810,-9999.990234,6.639999866
491,T3Run255 Project Analysis,Upgrade,28535488,71.62000275,4.800000191
492,T3Run255 Project Analysis,Regravelling,33170232,-9999.990234,6.710000038
493,T3Run256 Project Analysis,Upgrade,27607682,69.95999908,4.690000057
494,T3Run256 Project Analysis,Regravelling,29695272,-9999.990234,6.659999847
495,T3Run257 Project Analysis,Upgrade,28224262,71.29000092,4.690000057
496,T3Run257 Project Analysis,Regravelling,26683752,-9999.990234,6.659999847
497,T3Run258 Project Analysis,Upgrade,31378736,77.01000214,4.96999979
498,T3Run258 Project Analysis,Regravelling,29955714,-9999.990234,6.800000191
499,T3Run259 Project Analysis,Upgrade,35193072,85.52999878,5.039999962
500,T3Run259 Project Analysis,Regravelling,25028786,566.9199829,6.840000153
501,T3Run260 Project Analysis,Upgrade,75964472,171.1799927,5.309999943
502,T3Run260 Project Analysis,Regravelling,84349912,-9999.990234,7.159999847
503,T3Run261 Project Analysis,Upgrade,73614392,166.6399994,5.190000057
504,T3Run261 Project Analysis,Regravelling,79180464,-9999.990234,7.079999924
505,T3Run262 Project Analysis,Upgrade,77449400,174.0800018,5.380000114
506,T3Run262 Project Analysis,Regravelling,85679512,-9999.990234,7.199999809
507,T3Run263 Project Analysis,Upgrade,75096520,169.7599945,5.239999771
508,T3Run263 Project Analysis,Regravelling,77822216,-9999.990234,7.110000134
509,T3Run264 Project Analysis,Upgrade,76479976,172.7100067,5.230000019
510,T3Run264 Project Analysis,Regravelling,70745704,-9999.990234,7.099999905
511,T3Run265 Project Analysis,Upgrade,84486256,188.2299957,5.630000114
512,T3Run265 Project Analysis,Regravelling,78404816,-9999.990234,7.349999905
513,T3Run266 Project Analysis,Upgrade,92897816,206.9199982,5.710000038
514,T3Run266 Project Analysis,Regravelling,66860756,-9999.990234,7.400000095
515,T3Run267 Project Analysis,Upgrade,375319552,824.4500122,6.659999847
516,T3Run267 Project Analysis,Regravelling,374024128,-9999.990234,9.489999771
517,T3Run268 Project Analysis,Upgrade,364048768,800.4400024,6.46999979
518,T3Run268 Project Analysis,Regravelling,353078848,-9999.990234,9.260000229
519,T3Run269 Project Analysis,Upgrade,382392576,839.5200195,6.769999981
520,T3Run269 Project Analysis,Regravelling,377760032,-9999.990234,9.609999657
521,T3Run270 Project Analysis,Upgrade,370868896,815.0900269,6.550000191
522,T3Run270 Project Analysis,Regravelling,379808896,-9999.990234,8.859999657
523,T3Run271 Project Analysis,Upgrade,377178816,828.5499878,6.539999962
524,T3Run271 Project Analysis,Regravelling,352535616,-9999.990234,8.850000381
525,T3Run272 Project Analysis,Upgrade,415500032,-9999.990234,7.159999847
526,T3Run272 Project Analysis,Regravelling,382318496,-9999.990234,9.489999771
527,T3Run273 Project Analysis,Upgrade,453102560,-9999.990234,7.300000191
528,T3Run273 Project Analysis,Regravelling,329560160,-9999.990234,9.630000114
529,T3Run274 Project Analysis,Upgrade,28798646,71.87000275,5.010000229
530,T3Run274 Project Analysis,Regravelling,35941372,-9999.990234,6.599999905
531,T3Run275 Project Analysis,Upgrade,27848428,70.18000031,4.920000076
532,T3Run275 Project Analysis,Regravelling,33591616,868.8400269,6.559999943
533,T3Run276 Project Analysis,Upgrade,29401868,72.95999908,5.050000191
534,T3Run276 Project Analysis,Regravelling,36523724,-9999.990234,6.619999886
535,T3Run277 Project Analysis,Upgrade,28449842,71.33000183,4.949999809
536,T3Run277 Project Analysis,Regravelling,32867558,812.1900024,6.579999924
537,T3Run279 Project Analysis,Upgrade,32272452,78.26000214,5.230000019
538,T3Run279 Project Analysis,Regravelling,32845842,714.9299927,6.679999828
539,T3Run280 Project Analysis,Upgrade,36017716,86.62999725,5.289999962
540,T3Run280 Project Analysis,Regravelling,27493426,490.7900085,6.710000038
541,T3Run281 Project Analysis,Upgrade,77212392,172.8300018,5.489999771
542,T3Run281 Project Analysis,Regravelling,92233088,-9999.990234,6.96999979
543,T3Run282 Project Analysis,Upgrade,74817408,168.2899933,5.369999886
544,T3Run282 Project Analysis,Regravelling,86684840,-9999.990234,6.909999847
545,T3Run283 Project Analysis,Upgrade,78721464,175.7400055,5.550000191
546,T3Run283 Project Analysis,Regravelling,93628256,-9999.990234,7
547,T3Run284 Project Analysis,Upgrade,76280640,171.1999969,5.409999847
548,T3Run284 Project Analysis,Regravelling,84811728,-9999.990234,6.929999828
549,T3Run285 Project Analysis,Upgrade,77661296,174.1499939,5.400000095
550,T3Run285 Project Analysis,Regravelling,77034448,-9999.990234,6.929999828
551,T3Run287 Project Analysis,Upgrade,94140688,208.1799927,5.889999866
552,T3Run287 Project Analysis,Regravelling,72919920,-9999.990234,7.170000076
553,T3Run288 Project Analysis,Upgrade,378404320,824.6300049,6.550000191
554,T3Run288 Project Analysis,Regravelling,414411488,-9999.990234,9.039999962
555,T3Run289 Project Analysis,Upgrade,367063360,800.6199951,6.360000134
556,T3Run289 Project Analysis,Regravelling,391325600,-9999.990234,8.840000153
557,T3Run290 Project Analysis,Upgrade,385514976,839.7000122,6.650000095
558,T3Run290 Project Analysis,Regravelling,418625888,-9999.990234,9.149999619
559,T3Run291 Project Analysis,Upgrade,373900352,815.1599731,6.440000057
560,T3Run291 Project Analysis,Regravelling,382140576,-9999.990234,8.909999847
561,T3Run292 Project Analysis,Upgrade,380205920,828.6199951,6.429999828
562,T3Run292 Project Analysis,Regravelling,354921984,-9999.990234,8.899999619
563,T3Run293 Project Analysis,Upgrade,418756704,-9999.990234,7.039999962
564,T3Run293 Project Analysis,Regravelling,384997792,-9999.990234,9.539999962
565,T3Run294 Project Analysis,Regravelling,332095584,-9999.990234,9.68999958
566,T3Run294 Project Analysis,Minimum Maintenance (U),0,-9999.990234,24.03000069
567,T3Run295 Project Analysis,Upgrade,27201420,69.75,5.300000191
568,T3Run295 Project Analysis,Regravelling,35073372,606.7600098,6.690000057
569,T3Run296 Project Analysis,Upgrade,26405022,68.31999969,5.210000038
570,T3Run296 Project Analysis,Regravelling,32953130,569.1099854,6.650000095
571,T3Run297 Project Analysis,Upgrade,27722646,70.69000244,5.340000153
572,T3Run297 Project Analysis,Regravelling,35508692,617.0900269,6.699999809
573,T3Run298 Project Analysis,Upgrade,26952900,69.38999939,5.239999771
574,T3Run298 Project Analysis,Regravelling,32089944,559.6199951,6.659999847
575,T3Run299 Project Analysis,Upgrade,27561786,70.69000244,5.230000019
576,T3Run299 Project Analysis,Regravelling,28651660,477.8500061,6.659999847
577,T3Run300 Project Analysis,Upgrade,30288248,75.48999786,5.519999981
578,T3Run300 Project Analysis,Regravelling,31220460,521.1799927,6.769999981
579,T3Run301 Project Analysis,Upgrade,34515604,84.72000122,5.579999924
580,T3Run301 Project Analysis,Regravelling,26342470,436.2099915,6.800000191
581,T3Run302 Project Analysis,Upgrade,72686488,165.1499939,5.71999979
582,T3Run302 Project Analysis,Regravelling,87926904,-9999.990234,7.050000191
583,T3Run303 Project Analysis,Upgrade,70670424,161.3099976,5.590000153
584,T3Run303 Project Analysis,Regravelling,82974504,-9999.990234,7
585,T3Run304 Project Analysis,Upgrade,73992368,167.6799927,5.78000021
586,T3Run304 Project Analysis,Regravelling,89030360,-9999.990234,7.090000153
587,T3Run305 Project Analysis,Upgrade,72000816,163.9799957,5.639999866
588,T3Run305 Project Analysis,Regravelling,80814296,-9999.990234,7.019999981
589,T3Run306 Project Analysis,Upgrade,73404936,166.9799957,5.630000114
590,T3Run306 Project Analysis,Regravelling,73107320,-9999.990234,7.010000229
591,T3Run307 Project Analysis,Upgrade,80319624,180.1999969,6.019999981
592,T3Run307 Project Analysis,Regravelling,79448688,-9999.990234,7.199999809
593,T3Run308 Project Analysis,Upgrade,89964928,201.25,6.110000134
594,T3Run308 Project Analysis,Regravelling,68566392,-9999.990234,7.25
595,T3Run309 Project Analysis,Upgrade,356245920,777.9099731,6.639999866
596,T3Run309 Project Analysis,Regravelling,382478400,-9999.990234,9.100000381
597,T3Run310 Project Analysis,Upgrade,346690816,757.6699829,6.449999809
598,T3Run310 Project Analysis,Regravelling,362101056,-9999.990234,8.899999619
599,T3Run311 Project Analysis,Upgrade,362398784,790.9500122,6.75
600,T3Run311 Project Analysis,Regravelling,385281888,-9999.990234,9.210000038
601,T3Run312 Project Analysis,Upgrade,352899200,770.8599854,6.519999981
602,T3Run312 Project Analysis,Regravelling,351550304,-9999.990234,8.970000267
603,T3Run313 Project Analysis,Upgrade,359315328,784.5499878,6.510000229
604,T3Run313 Project Analysis,Regravelling,324497920,-9999.990234,8.960000038
605,T3Run314 Project Analysis,Upgrade,392021792,853.8200073,7.130000114
606,T3Run314 Project Analysis,Regravelling,345797056,-9999.990234,9.600000381
607,T3Run315 Project Analysis,Upgrade,436043520,-9999.990234,7.260000229
608,T3Run315 Project Analysis,Regravelling,302616032,-9999.990234,9.75
609,T3Run316 Project Analysis,Upgrade,34265816,70.51000214,3.869999886
610,T3Run316 Project Analysis,Regravelling,29023792,-9999.990234,7.28000021
611,T3Run317 Project Analysis,Upgrade,33156926,68.76000214,3.809999943
612,T3Run317 Project Analysis,Regravelling,29137674,-9999.990234,6.829999924
613,T3Run318 Project Analysis,Upgrade,35052088,72.01999664,3.900000095
614,T3Run318 Project Analysis,Regravelling,29428426,-9999.990234,7.340000153
615,T3Run319 Project Analysis,Upgrade,33977184,70.47000122,3.829999924
616,T3Run319 Project Analysis,Regravelling,28491908,-9999.990234,6.860000134
617,T3Run320 Project Analysis,Upgrade,34870492,72.73000336,3.829999924
618,T3Run320 Project Analysis,Regravelling,25773124,-9999.990234,6.849999905
619,T3Run321 Project Analysis,Upgrade,38993896,80.43000031,4
620,T3Run321 Project Analysis,Regravelling,28871548,-9999.990234,7.130000114
621,T3Run322 Project Analysis,Upgrade,43876420,90.51000214,4.039999962
622,T3Run322 Project Analysis,Regravelling,25673668,-9999.990234,6.840000153
623,T3Run323 Project Analysis,Upgrade,93479664,175.7299957,4.340000153
624,T3Run323 Project Analysis,Regravelling,71152624,-9999.990234,8.25
625,T3Run324 Project Analysis,Upgrade,90640872,171.4400024,4.260000229
626,T3Run324 Project Analysis,Regravelling,72993448,-9999.990234,7.599999905
627,T3Run325 Project Analysis,Upgrade,95277824,178.5399933,4.389999866
628,T3Run325 Project Analysis,Regravelling,78619240,-9999.990234,7.809999943
629,T3Run326 Project Analysis,Upgrade,92850688,178.9700012,4.289999962
630,T3Run326 Project Analysis,Regravelling,71798048,-9999.990234,7.650000095
631,T3Run327 Project Analysis,Upgrade,94560680,182.1999969,4.289999962
632,T3Run327 Project Analysis,Regravelling,70452176,-9999.990234,7.239999771
633,T3Run328 Project Analysis,Upgrade,104384872,198.3800049,4.539999962
634,T3Run328 Project Analysis,Regravelling,78319928,-9999.990234,7.579999924
635,T3Run329 Project Analysis,Upgrade,114976408,220.3999939,4.599999905
636,T3Run329 Project Analysis,Regravelling,71065248,-9999.990234,7.289999962
637,T3Run330 Project Analysis,Upgrade,463057856,-9999.990234,5.909999847
638,T3Run330 Project Analysis,Regravelling,346512096,-9999.990234,10.35000038
639,T3Run331 Project Analysis,Upgrade,449146976,878.4699707,5.760000229
640,T3Run331 Project Analysis,Regravelling,327955104,-9999.990234,10.05000019
641,T3Run332 Project Analysis,Upgrade,471788096,-9999.990234,5.989999771
642,T3Run332 Project Analysis,Regravelling,349526336,-9999.990234,10.51000023
643,T3Run333 Project Analysis,Upgrade,457738112,897.1199951,5.820000172
644,T3Run333 Project Analysis,Regravelling,352608960,-9999.990234,9.640000343
645,T3Run334 Project Analysis,Upgrade,465528864,-9999.990234,5.809999943
646,T3Run334 Project Analysis,Regravelling,329299968,-9999.990234,9.619999886
647,T3Run335 Project Analysis,Upgrade,512865824,-9999.990234,6.309999943
648,T3Run335 Project Analysis,Regravelling,356397984,-9999.990234,10.47000027
649,T3Run336 Project Analysis,Upgrade,559304320,-9999.990234,6.409999847
650,T3Run336 Project Analysis,Regravelling,331965728,-9999.990234,10.14999962
651,T3Run337 Project Analysis,Upgrade,34265816,70.51000214,3.869999886
652,T3Run337 Project Analysis,Regravelling,29023792,-9999.990234,7.28000021
653,T3Run338 Project Analysis,Upgrade,33156926,68.76000214,3.809999943
654,T3Run338 Project Analysis,Regravelling,29137674,-9999.990234,6.829999924
655,T3Run339 Project Analysis,Upgrade,35052088,72.01999664,3.900000095
656,T3Run339 Project Analysis,Regravelling,29428426,-9999.990234,7.340000153
657,T3Run340 Project Analysis,Upgrade,33977184,70.47000122,3.829999924
658,T3Run340 Project Analysis,Regravelling,28491908,-9999.990234,6.860000134
659,T3Run341 Project Analysis,Upgrade,34870492,72.73000336,3.829999924
660,T3Run341 Project Analysis,Regravelling,25773124,-9999.990234,6.849999905
661,T3Run342 Project Analysis,Upgrade,38993896,80.43000031,4
662,T3Run342 Project Analysis,Regravelling,28871548,-9999.990234,7.130000114
663,T3Run343 Project Analysis,Upgrade,43876420,90.51000214,4.039999962
664,T3Run343 Project Analysis,Regravelling,25673668,-9999.990234,6.840000153
665,T3Run344 Project Analysis,Upgrade,93479664,175.7299957,4.340000153
666,T3Run344 Project Analysis,Regravelling,71152624,-9999.990234,8.25
667,T3Run345 Project Analysis,Upgrade,90640872,171.4400024,4.260000229
668,T3Run345 Project Analysis,Regravelling,72993448,-9999.990234,7.599999905
669,T3Run346 Project Analysis,Upgrade,95277824,178.5399933,4.389999866
670,T3Run346 Project Analysis,Regravelling,78619240,-9999.990234,7.809999943
671,T3Run347 Project Analysis,Upgrade,92850688,178.9700012,4.289999962
672,T3Run347 Project Analysis,Regravelling,71798048,-9999.990234,7.650000095
673,T3Run348 Project Analysis,Upgrade,94560680,182.1999969,4.289999962
674,T3Run348 Project Analysis,Regravelling,70452176,-9999.990234,7.239999771
675,T3Run349 Project Analysis,Upgrade,104384872,198.3800049,4.539999962
676,T3Run349 Project Analysis,Regravelling,78319928,-9999.990234,7.579999924
677,T3Run350 Project Analysis,Upgrade,114976408,220.3999939,4.599999905
678,T3Run350 Project Analysis,Regravelling,71065248,-9999.990234,7.289999962
679,T3Run351 Project Analysis,Upgrade,463057856,-9999.990234,5.909999847
680,T3Run351 Project Analysis,Regravelling,346512096,-9999.990234,10.35000038
681,T3Run352 Project Analysis,Upgrade,449146976,878.4699707,5.760000229
682,T3Run352 Project Analysis,Regravelling,327955104,-9999.990234,10.05000019
683,T3Run353 Project Analysis,Upgrade,471788096,-9999.990234,5.989999771
684,T3Run353 Project Analysis,Regravelling,349526336,-9999.990234,10.51000023
685,T3Run354 Project Analysis,Upgrade,457738112,897.1199951,5.820000172
686,T3Run354 Project Analysis,Regravelling,352608960,-9999.990234,9.640000343
687,T3Run355 Project Analysis,Upgrade,465528864,-9999.990234,5.809999943
688,T3Run355 Project Analysis,Regravelling,329299968,-9999.990234,9.619999886
689,T3Run356 Project Analysis,Upgrade,512865824,-9999.990234,6.309999943
690,T3Run356 Project Analysis,Regravelling,356397984,-9999.990234,10.47000027
691,T3Run357 Project Analysis,Upgrade,559304320,-9999.990234,6.409999847
692,T3Run357 Project Analysis,Regravelling,331965728,-9999.990234,10.14999962
693,T3Run358 Project Analysis,Upgrade,36202884,79.61000061,4.769999981
694,T3Run358 Project Analysis,Regravelling,39714596,-9999.990234,6.75
695,T3Run359 Project Analysis,Upgrade,35033996,77.72000122,4.679999828
696,T3Run359 Project Analysis,Regravelling,37050864,-9999.990234,6.699999809
697,T3Run360 Project Analysis,Upgrade,36946820,80.83000183,4.820000172
698,T3Run360 Project Analysis,Regravelling,40385272,-9999.990234,6.78000021
699,T3Run361 Project Analysis,Upgrade,35775720,78.98999786,4.710000038
700,T3Run361 Project Analysis,Regravelling,36264936,-9999.990234,6.71999979
701,T3Run362 Project Analysis,Upgrade,36533272,80.45999908,4.710000038
702,T3Run362 Project Analysis,Regravelling,32712900,-9999.990234,6.71999979
703,T3Run363 Project Analysis,Upgrade,40501516,86.80000305,5
704,T3Run363 Project Analysis,Regravelling,36613688,-9999.990234,6.880000114
705,T3Run364 Project Analysis,Upgrade,45159936,96.15000153,5.059999943
706,T3Run364 Project Analysis,Regravelling,30746922,596.9099731,6.920000076
707,T3Run365 Project Analysis,Upgrade,95407192,190.8699951,5.349999905
708,T3Run365 Project Analysis,Regravelling,100647504,-9999.990234,7.300000191
709,T3Run366 Project Analysis,Upgrade,92481352,185.8300018,5.21999979
710,T3Run366 Project Analysis,Regravelling,94547960,-9999.990234,7.21999979
711,T3Run367 Project Analysis,Upgrade,97253552,194.1000061,5.409999847
712,T3Run367 Project Analysis,Regravelling,102206400,-9999.990234,7.349999905
713,T3Run368 Project Analysis,Upgrade,94313736,189.2899933,5.269999981
714,T3Run368 Project Analysis,Regravelling,92881712,-9999.990234,7.25
715,T3Run369 Project Analysis,Upgrade,96020304,192.5299988,5.269999981
716,T3Run369 Project Analysis,Regravelling,84626736,-9999.990234,7.239999771
717,T3Run370 Project Analysis,Upgrade,105984480,209.7700043,5.659999847
718,T3Run370 Project Analysis,Regravelling,93694224,-9999.990234,7.519999981
719,T3Run371 Project Analysis,Upgrade,116338904,230.4100037,5.760000229
720,T3Run371 Project Analysis,Regravelling,80114400,-9999.990234,7.579999924
721,T3Run372 Project Analysis,Upgrade,451040416,-9999.990234,7.329999924
722,T3Run372 Project Analysis,Regravelling,423779424,-9999.990234,10
723,T3Run373 Project Analysis,Upgrade,437124448,883.0300293,7.139999866
724,T3Run373 Project Analysis,Regravelling,400966016,-9999.990234,9.739999771
725,T3Run374 Project Analysis,Upgrade,459773440,-9999.990234,7.429999828
726,T3Run374 Project Analysis,Regravelling,427828928,-9999.990234,10.14999962
727,T3Run375 Project Analysis,Upgrade,445541280,899.1400146,7.21999979
728,T3Run375 Project Analysis,Regravelling,426845920,-9999.990234,9.350000381
729,T3Run376 Project Analysis,Upgrade,453331680,-9999.990234,7.210000038
730,T3Run376 Project Analysis,Regravelling,397951744,-9999.990234,9.340000153
731,T3Run377 Project Analysis,Upgrade,500646656,-9999.990234,7.829999924
732,T3Run377 Project Analysis,Regravelling,430353760,-9999.990234,10.09000015
733,T3Run378 Project Analysis,Upgrade,547071552,-9999.990234,7.96999979
734,T3Run378 Project Analysis,Regravelling,370736000,-9999.990234,10.26000023
735,T3Run379 Project Analysis,Upgrade,37255932,81.05000305,5.019999981
736,T3Run379 Project Analysis,Regravelling,43308552,-9999.990234,6.670000076
737,T3Run380 Project Analysis,Upgrade,36058724,79.18000031,4.929999828
738,T3Run380 Project Analysis,Regravelling,40544616,891.7299805,6.630000114
739,T3Run381 Project Analysis,Upgrade,38014780,82.26999664,5.070000172
740,T3Run381 Project Analysis,Regravelling,44002828,-9999.990234,6.690000057
741,T3Run382 Project Analysis,Upgrade,36809612,80.45999908,4.960000038
742,T3Run382 Project Analysis,Regravelling,39690852,833.7800293,6.639999866
743,T3Run383 Project Analysis,Upgrade,37546156,81.83999634,4.960000038
744,T3Run383 Project Analysis,Regravelling,35706488,630.6300049,6.639999866
745,T3Run384 Project Analysis,Upgrade,41611532,88.12999725,5.239999771
746,T3Run384 Project Analysis,Regravelling,39762584,734.5100098,6.760000229
747,T3Run385 Project Analysis,Upgrade,46188768,97.31999969,5.309999943
748,T3Run385 Project Analysis,Regravelling,33455964,505.6600037,6.789999962
749,T3Run386 Project Analysis,Upgrade,96891272,192.6000061,5.510000229
750,T3Run386 Project Analysis,Regravelling,108869448,-9999.990234,7.119999886
751,T3Run387 Project Analysis,Upgrade,93911728,187.5500031,5.389999866
752,T3Run387 Project Analysis,Regravelling,102393144,-9999.990234,7.050000191
753,T3Run388 Project Analysis,Upgrade,98766512,195.8300018,5.579999924
754,T3Run388 Project Analysis,Regravelling,110494952,-9999.990234,7.159999847
755,T3Run389 Project Analysis,Upgrade,95726224,190.7700043,5.429999828
756,T3Run389 Project Analysis,Regravelling,100186664,-9999.990234,7.070000172
757,T3Run390 Project Analysis,Upgrade,97429480,194.0200043,5.420000076
758,T3Run390 Project Analysis,Regravelling,91218792,-9999.990234,7.070000172
759,T3Run391 Project Analysis,Upgrade,107570040,211.2799988,5.820000172
760,T3Run391 Project Analysis,Regravelling,100895336,-9999.990234,7.289999962
761,T3Run392 Project Analysis,Upgrade,117802192,231.5800018,5.909999847
762,T3Run392 Project Analysis,Regravelling,86411880,-9999.990234,7.340000153
763,T3Run393 Project Analysis,Upgrade,464855520,-9999.990234,6.800000191
764,T3Run393 Project Analysis,Regravelling,464893056,-9999.990234,9.56000042
765,T3Run394 Project Analysis,Upgrade,450867744,883.1900024,6.610000134
766,T3Run394 Project Analysis,Regravelling,439902272,-9999.990234,9.329999924
767,T3Run395 Project Analysis,Upgrade,473627072,-9999.990234,6.900000095
768,T3Run395 Project Analysis,Regravelling,469428064,-9999.990234,9.680000305
769,T3Run396 Project Analysis,Upgrade,459302976,899.2000122,6.690000057
770,T3Run396 Project Analysis,Regravelling,429224992,-9999.990234,9.409999847
771,T3Run397 Project Analysis,Upgrade,467088992,-9999.990234,6.670000076
772,T3Run397 Project Analysis,Regravelling,400385376,-9999.990234,9.390000343
773,T3Run398 Project Analysis,Upgrade,514638752,-9999.990234,7.289999962
774,T3Run398 Project Analysis,Regravelling,433085440,-9999.990234,10.14999962
775,T3Run399 Project Analysis,Upgrade,560939968,-9999.990234,7.429999828
776,T3Run399 Project Analysis,Regravelling,373299968,-9999.990234,10.31999969
777,T3Run400 Project Analysis,Upgrade,35184600,78.66000366,5.309999943
778,T3Run400 Project Analysis,Regravelling,41970928,622.3800049,6.75
779,T3Run401 Project Analysis,Upgrade,34180008,77.08000183,5.21999979
780,T3Run401 Project Analysis,Regravelling,39485736,584.039978,6.710000038
781,T3Run402 Project Analysis,Upgrade,35839380,79.70999908,5.360000134
782,T3Run402 Project Analysis,Regravelling,42494880,632.9699707,6.769999981
783,T3Run403 Project Analysis,Upgrade,34863272,78.25,5.25
784,T3Run403 Project Analysis,Regravelling,38472220,574.2800293,6.730000019
785,T3Run404 Project Analysis,Upgrade,35613048,79.68000031,5.25
786,T3Run404 Project Analysis,Regravelling,34482556,491.0799866,6.71999979
787,T3Run405 Project Analysis,Upgrade,39052768,85,5.53000021
788,T3Run405 Project Analysis,Regravelling,37558468,535.2399902,6.849999905
789,T3Run407 Project Analysis,Upgrade,91214984,183.9600067,5.739999771
790,T3Run407 Project Analysis,Regravelling,103350040,-9999.990234,7.199999809
791,T3Run408 Project Analysis,Upgrade,88706616,179.6999969,5.610000134
792,T3Run408 Project Analysis,Regravelling,97565856,-9999.990234,7.130000114
793,T3Run409 Project Analysis,Upgrade,92837560,186.7700043,5.800000191
794,T3Run409 Project Analysis,Regravelling,104638928,-9999.990234,7.239999771
795,T3Run410 Project Analysis,Upgrade,90355936,182.6499939,5.659999847
796,T3Run410 Project Analysis,Regravelling,95034720,-9999.990234,7.159999847
797,T3Run411 Project Analysis,Upgrade,92088360,185.9499969,5.650000095
798,T3Run411 Project Analysis,Regravelling,86143184,-9999.990234,7.150000095
799,T3Run412 Project Analysis,Upgrade,100687816,200.6399994,6.050000191
800,T3Run412 Project Analysis,Regravelling,93610728,-9999.990234,7.369999886
801,T3Run413 Project Analysis,Upgrade,112575888,223.7799988,6.139999866
802,T3Run413 Project Analysis,Regravelling,80942544,-9999.990234,7.420000076
803,T3Run414 Project Analysis,Regravelling,427255648,-9999.990234,9.619999886
804,T3Run414 Project Analysis,Minimum Maintenance (U),0,-9999.990234,20.94000053
805,T3Run415 Project Analysis,Upgrade,425751424,835.8800049,6.699999809
806,T3Run415 Project Analysis,Regravelling,405435104,-9999.990234,9.390000343
807,T3Run416 Project Analysis,Upgrade,445126912,872.5200195,6.989999771
808,T3Run416 Project Analysis,Regravelling,430132288,-9999.990234,9.739999771
809,T3Run417 Project Analysis,Upgrade,433412384,850.4000244,6.769999981
810,T3Run417 Project Analysis,Regravelling,393220064,-9999.990234,9.470000267
811,T3Run418 Project Analysis,Upgrade,441334944,865.4699707,6.75
812,T3Run418 Project Analysis,Regravelling,364575296,-9999.990234,9.449999809
813,T3Run419 Project Analysis,Upgrade,481676928,-9999.990234,7.369999886
814,T3Run419 Project Analysis,Regravelling,386988000,-9999.990234,10.19999981
815,T3Run420 Project Analysis,Upgrade,536057216,-9999.990234,7.510000229
816,T3Run420 Project Analysis,Regravelling,338647968,-9999.990234,10.36999989
