Run,Run Title,Alternative,NPV,IRR,AVE_IRI,
1,T3Run1 Project Analysis,Regravelling,15684053,-9999.990234,7.099999905,1
2,T3Run2 Project Analysis,Regravelling,14626226,-9999.990234,7,2
3,T3Run3 Project Analysis,Regravelling,15919815,-9999.990234,7.150000095,3
4,T3Run4 Project Analysis,Regravelling,15609284,-9999.990234,6.699999809,4
5,T3Run5 Project Analysis,Regravelling,13935837,795.4400024,6.699999809,5
6,T3Run6 Project Analysis,Regravelling,15807283,-9999.990234,6.940000057,6
7,T3Run7 Project Analysis,Regravelling,14147052,730.75,6.659999847,7
8,T3Run8 Project Analysis,Regravelling,40443776,-9999.990234,7.880000114,8
9,T3Run9 Project Analysis,Regravelling,42604580,-9999.990234,7.269999981,9
10,T3Run10 Project Analysis,Regravelling,45963688,-9999.990234,7.449999809,10
11,T3Run11 Project Analysis,Regravelling,41930252,-9999.990234,7.309999943,11
12,T3Run12 Project Analysis,Regravelling,41814244,-9999.990234,6.920000076,12
13,T3Run13 Project Analysis,Regravelling,46793312,-9999.990234,7.199999809,13
14,T3Run14 Project Analysis,Regravelling,39441376,-9999.990234,7.260000229,14
15,T3Run15 Project Analysis,Regravelling,235638752,-9999.990234,9.210000038,15
16,T3Run16 Project Analysis,Regravelling,222388864,-9999.990234,8.989999771,16
17,T3Run17 Project Analysis,Regravelling,238748144,-9999.990234,9.329999924,17
18,T3Run18 Project Analysis,Regravelling,246061936,-9999.990234,8.550000191,18
19,T3Run19 Project Analysis,Regravelling,227400384,-9999.990234,8.529999733,19
20,T3Run20 Project Analysis,Regravelling,248416944,-9999.990234,9.140000343,20
21,T3Run21 Project Analysis,Regravelling,236468624,-9999.990234,8.770000458,21
22,T3Run22 Project Analysis,Regravelling,15684053,-9999.990234,7.099999905,22
23,T3Run23 Project Analysis,Regravelling,14626226,-9999.990234,7,23
24,T3Run24 Project Analysis,Regravelling,15919815,-9999.990234,7.150000095,24
25,T3Run25 Project Analysis,Regravelling,15609284,-9999.990234,6.699999809,25
26,T3Run26 Project Analysis,Regravelling,13935837,795.4400024,6.699999809,26
27,T3Run27 Project Analysis,Regravelling,15807283,-9999.990234,6.940000057,27
28,T3Run28 Project Analysis,Regravelling,14147052,730.75,6.659999847,28
29,T3Run29 Project Analysis,Regravelling,40443776,-9999.990234,7.880000114,29
30,T3Run30 Project Analysis,Regravelling,42604580,-9999.990234,7.269999981,30
31,T3Run31 Project Analysis,Regravelling,45963688,-9999.990234,7.449999809,31
32,T3Run32 Project Analysis,Regravelling,41930252,-9999.990234,7.309999943,32
33,T3Run33 Project Analysis,Regravelling,41814244,-9999.990234,6.920000076,33
34,T3Run34 Project Analysis,Regravelling,46793312,-9999.990234,7.199999809,34
35,T3Run35 Project Analysis,Regravelling,39441376,-9999.990234,7.260000229,35
36,T3Run36 Project Analysis,Regravelling,235638752,-9999.990234,9.210000038,36
37,T3Run37 Project Analysis,Regravelling,222388864,-9999.990234,8.989999771,37
38,T3Run38 Project Analysis,Regravelling,238748144,-9999.990234,9.329999924,38
39,T3Run39 Project Analysis,Regravelling,246061936,-9999.990234,8.550000191,39
40,T3Run40 Project Analysis,Regravelling,227400384,-9999.990234,8.529999733,40
41,T3Run41 Project Analysis,Regravelling,248416944,-9999.990234,9.140000343,41
42,T3Run42 Project Analysis,Regravelling,236468624,-9999.990234,8.770000458,42
43,T3Run43 Project Analysis,Regravelling,24413918,-9999.990234,6.619999886,43
44,T3Run44 Project Analysis,Regravelling,22623980,-9999.990234,6.570000172,44
45,T3Run45 Project Analysis,Regravelling,24847952,-9999.990234,6.639999866,45
46,T3Run46 Project Analysis,Regravelling,22120924,-9999.990234,6.590000153,46
47,T3Run47 Project Analysis,Regravelling,19744418,-9999.990234,6.590000153,47
48,T3Run48 Project Analysis,Regravelling,22279062,-9999.990234,6.71999979,48
49,T3Run49 Project Analysis,Regravelling,18463288,523.2399902,6.75,49
50,T3Run50 Project Analysis,Regravelling,65084516,-9999.990234,6.989999771,50
51,T3Run51 Project Analysis,Regravelling,61013072,-9999.990234,6.929999828,51
52,T3Run52 Project Analysis,Regravelling,66130904,-9999.990234,7.03000021,52
53,T3Run53 Project Analysis,Regravelling,60001732,-9999.990234,6.949999809,53
54,T3Run54 Project Analysis,Regravelling,54348996,-9999.990234,6.949999809,54
55,T3Run55 Project Analysis,Regravelling,60372648,-9999.990234,7.159999847,55
56,T3Run56 Project Analysis,Regravelling,50954168,-9999.990234,7.210000038,56
57,T3Run57 Project Analysis,Regravelling,305174560,-9999.990234,8.869999886,57
58,T3Run58 Project Analysis,Regravelling,288069504,-9999.990234,8.680000305,58
59,T3Run59 Project Analysis,Regravelling,309240320,-9999.990234,8.970000267,59
60,T3Run60 Project Analysis,Regravelling,315894528,-9999.990234,8.270000458,60
61,T3Run61 Project Analysis,Regravelling,291909792,-9999.990234,8.260000229,61
62,T3Run62 Project Analysis,Regravelling,318100512,-9999.990234,8.760000229,62
63,T3Run63 Project Analysis,Regravelling,273860832,-9999.990234,8.880000114,63
64,T3Run64 Project Analysis,Regravelling,27401592,-9999.990234,6.53000021,64
65,T3Run65 Project Analysis,Regravelling,25528216,834.6300049,6.5,65
66,T3Run66 Project Analysis,Regravelling,27854186,-9999.990234,6.539999962,66
67,T3Run67 Project Analysis,Regravelling,24955836,779.9000244,6.510000229,67
68,T3Run68 Project Analysis,Regravelling,22179580,587.0499878,6.510000229,68
69,T3Run69 Project Analysis,Regravelling,24836800,685.6900024,6.599999905,69
70,T3Run70 Project Analysis,Regravelling,20611108,468.5599976,6.619999886,70
71,T3Run71 Project Analysis,Regravelling,72442216,-9999.990234,6.809999943,71
72,T3Run72 Project Analysis,Regravelling,67999344,-9999.990234,6.760000229,72
73,T3Run73 Project Analysis,Regravelling,73556328,-9999.990234,6.840000153,73
74,T3Run74 Project Analysis,Regravelling,66501748,-9999.990234,6.78000021,74
75,T3Run75 Project Analysis,Regravelling,60166384,-9999.990234,6.78000021,75
76,T3Run76 Project Analysis,Regravelling,66703368,-9999.990234,6.929999828,76
77,T3Run77 Project Analysis,Regravelling,56491600,-9999.990234,6.96999979,77
78,T3Run78 Project Analysis,Regravelling,344414048,-9999.990234,8.420000076,78
79,T3Run79 Project Analysis,Regravelling,325226816,-9999.990234,8.260000229,79
80,T3Run80 Project Analysis,Regravelling,348946208,-9999.990234,8.510000229,80
81,T3Run81 Project Analysis,Regravelling,318104000,-9999.990234,8.319999695,81
82,T3Run82 Project Analysis,Regravelling,294174208,-9999.990234,8.31000042,82
83,T3Run83 Project Analysis,Regravelling,320641472,-9999.990234,8.819999695,83
84,T3Run84 Project Analysis,Regravelling,276272256,-9999.990234,8.930000305,84
85,T3Run85 Project Analysis,Regravelling,27043976,583.3800049,6.610000134,85
86,T3Run86 Project Analysis,Regravelling,25347698,546.7700195,6.579999924,86
87,T3Run87 Project Analysis,Regravelling,27376562,593.3200073,6.630000114,87
88,T3Run88 Project Analysis,Regravelling,24654532,537.6500244,6.590000153,88
89,T3Run89 Project Analysis,Regravelling,21868816,458.0299988,6.590000153,89
90,T3Run90 Project Analysis,Regravelling,23848638,500.1300049,6.690000057,90
91,T3Run91 Project Analysis,Regravelling,19954302,417.4299927,6.710000038,91
92,T3Run92 Project Analysis,Regravelling,69531568,-9999.990234,6.889999866,92
93,T3Run93 Project Analysis,Regravelling,65572804,-9999.990234,6.840000153,93
94,T3Run94 Project Analysis,Regravelling,70404608,-9999.990234,6.920000076,94
95,T3Run95 Project Analysis,Regravelling,63833184,-9999.990234,6.860000134,95
96,T3Run96 Project Analysis,Regravelling,57561704,-9999.990234,6.860000134,96
97,T3Run97 Project Analysis,Regravelling,62580548,-9999.990234,7.010000229,97
98,T3Run98 Project Analysis,Regravelling,53432048,-9999.990234,7.050000191,98
99,T3Run99 Project Analysis,Regravelling,319130336,-9999.990234,8.479999542,99
100,T3Run100 Project Analysis,Regravelling,302113184,-9999.990234,8.319999695,100
101,T3Run101 Project Analysis,Regravelling,322540352,-9999.990234,8.56000042,101
102,T3Run102 Project Analysis,Regravelling,293828896,-9999.990234,8.380000114,102
103,T3Run103 Project Analysis,Regravelling,270031904,-9999.990234,8.369999886,103
104,T3Run104 Project Analysis,Regravelling,289484416,-9999.990234,8.880000114,104
105,T3Run105 Project Analysis,Regravelling,252848112,-9999.990234,8.989999771,105
106,T3Run106 Project Analysis,Regravelling,17764096,-9999.990234,7.130000114,106
107,T3Run107 Project Analysis,Regravelling,18050632,-9999.990234,6.699999809,107
108,T3Run108 Project Analysis,Regravelling,18024402,-9999.990234,7.179999828,108
109,T3Run109 Project Analysis,Regravelling,17628680,-9999.990234,6.730000019,109
110,T3Run110 Project Analysis,Regravelling,15787684,847.9000244,6.71999979,110
111,T3Run111 Project Analysis,Regravelling,17854250,-9999.990234,6.96999979,111
112,T3Run112 Project Analysis,Regravelling,15955411,769.1900024,6.690000057,112
113,T3Run113 Project Analysis,Regravelling,45335656,-9999.990234,7.940000057,113
114,T3Run114 Project Analysis,Regravelling,47479016,-9999.990234,7.329999924,114
115,T3Run115 Project Analysis,Regravelling,51203856,-9999.990234,7.510000229,115
116,T3Run116 Project Analysis,Regravelling,46728828,-9999.990234,7.369999886,116
117,T3Run117 Project Analysis,Regravelling,46434184,-9999.990234,6.96999979,117
118,T3Run118 Project Analysis,Regravelling,51882156,-9999.990234,7.260000229,118
119,T3Run119 Project Analysis,Regravelling,44065328,-9999.990234,7.320000172,119
120,T3Run120 Project Analysis,Regravelling,255953392,-9999.990234,9.399999619,120
121,T3Run121 Project Analysis,Regravelling,241635552,-9999.990234,9.159999847,121
122,T3Run122 Project Analysis,Regravelling,259240064,-9999.990234,9.529999733,122
123,T3Run123 Project Analysis,Regravelling,265368064,-9999.990234,8.729999542,123
124,T3Run124 Project Analysis,Regravelling,245610240,-9999.990234,8.710000038,124
125,T3Run125 Project Analysis,Regravelling,267764368,-9999.990234,9.359999657,125
126,T3Run126 Project Analysis,Regravelling,253784032,-9999.990234,9,126
127,T3Run127 Project Analysis,Regravelling,17764096,-9999.990234,7.130000114,127
128,T3Run128 Project Analysis,Regravelling,18050632,-9999.990234,6.699999809,128
129,T3Run129 Project Analysis,Regravelling,18024402,-9999.990234,7.179999828,129
130,T3Run130 Project Analysis,Regravelling,17628680,-9999.990234,6.730000019,130
131,T3Run131 Project Analysis,Regravelling,15787684,847.9000244,6.71999979,131
132,T3Run132 Project Analysis,Regravelling,17854250,-9999.990234,6.96999979,132
133,T3Run133 Project Analysis,Regravelling,15955411,769.1900024,6.690000057,133
134,T3Run134 Project Analysis,Regravelling,45335656,-9999.990234,7.940000057,134
135,T3Run135 Project Analysis,Regravelling,47479016,-9999.990234,7.329999924,135
136,T3Run136 Project Analysis,Regravelling,51203856,-9999.990234,7.510000229,136
137,T3Run137 Project Analysis,Regravelling,46728828,-9999.990234,7.369999886,137
138,T3Run138 Project Analysis,Regravelling,46434184,-9999.990234,6.96999979,138
139,T3Run139 Project Analysis,Regravelling,51882156,-9999.990234,7.260000229,139
140,T3Run140 Project Analysis,Regravelling,44065328,-9999.990234,7.320000172,140
141,T3Run141 Project Analysis,Regravelling,255953392,-9999.990234,9.399999619,141
142,T3Run142 Project Analysis,Regravelling,241635552,-9999.990234,9.159999847,142
143,T3Run143 Project Analysis,Regravelling,259240064,-9999.990234,9.529999733,143
144,T3Run144 Project Analysis,Regravelling,265368064,-9999.990234,8.729999542,144
145,T3Run145 Project Analysis,Regravelling,245610240,-9999.990234,8.710000038,145
146,T3Run146 Project Analysis,Regravelling,267764368,-9999.990234,9.359999657,146
147,T3Run147 Project Analysis,Regravelling,253784032,-9999.990234,9,147
148,T3Run148 Project Analysis,Regravelling,26863446,-9999.990234,6.639999866,148
149,T3Run149 Project Analysis,Regravelling,24932536,-9999.990234,6.590000153,149
150,T3Run150 Project Analysis,Regravelling,27334842,-9999.990234,6.659999847,150
151,T3Run151 Project Analysis,Regravelling,24383536,-9999.990234,6.610000134,151
152,T3Run152 Project Analysis,Regravelling,21815736,-9999.990234,6.610000134,152
153,T3Run153 Project Analysis,Regravelling,24571544,-9999.990234,6.739999771,153
154,T3Run154 Project Analysis,Regravelling,20423292,537.6300049,6.769999981,154
155,T3Run155 Project Analysis,Regravelling,70897424,-9999.990234,7.039999962,155
156,T3Run156 Project Analysis,Regravelling,66494904,-9999.990234,6.96999979,156
157,T3Run157 Project Analysis,Regravelling,72032632,-9999.990234,7.079999924,157
158,T3Run158 Project Analysis,Regravelling,65381400,-9999.990234,7,158
159,T3Run159 Project Analysis,Regravelling,59295132,-9999.990234,6.989999771,159
160,T3Run160 Project Analysis,Regravelling,65817196,-9999.990234,7.210000038,160
161,T3Run161 Project Analysis,Regravelling,55949156,-9999.990234,7.260000229,161
162,T3Run162 Project Analysis,Regravelling,327009408,-9999.990234,9.050000191,162
163,T3Run163 Project Analysis,Regravelling,308756256,-9999.990234,8.850000381,163
164,T3Run164 Project Analysis,Regravelling,331268544,-9999.990234,9.159999847,164
165,T3Run165 Project Analysis,Regravelling,336078688,-9999.990234,8.449999809,165
166,T3Run166 Project Analysis,Regravelling,310944320,-9999.990234,8.43999958,166
167,T3Run167 Project Analysis,Regravelling,338300736,-9999.990234,8.979999542,167
168,T3Run168 Project Analysis,Regravelling,291456000,-9999.990234,9.109999657,168
169,T3Run169 Project Analysis,Regravelling,29957934,-9999.990234,6.550000191,169
170,T3Run170 Project Analysis,Regravelling,27942126,846.0100098,6.519999981,170
171,T3Run171 Project Analysis,Regravelling,30449330,-9999.990234,6.559999943,171
172,T3Run172 Project Analysis,Regravelling,27324078,790.6500244,6.53000021,172
173,T3Run173 Project Analysis,Regravelling,24350238,595.7399902,6.53000021,173
174,T3Run174 Project Analysis,Regravelling,27232250,695.4199829,6.630000114,174
175,T3Run175 Project Analysis,Regravelling,22669040,475.9599915,6.650000095,175
176,T3Run176 Project Analysis,Regravelling,78428720,-9999.990234,6.860000134,176
177,T3Run177 Project Analysis,Regravelling,73651424,-9999.990234,6.809999943,177
178,T3Run178 Project Analysis,Regravelling,79628464,-9999.990234,6.889999866,178
179,T3Run179 Project Analysis,Regravelling,72043072,-9999.990234,6.820000172,179
180,T3Run180 Project Analysis,Regravelling,65268624,-9999.990234,6.820000172,180
181,T3Run181 Project Analysis,Regravelling,72322304,-9999.990234,6.989999771,181
182,T3Run182 Project Analysis,Regravelling,61646252,-9999.990234,7.03000021,182
183,T3Run183 Project Analysis,Regravelling,366642048,-9999.990234,8.609999657,183
184,T3Run184 Project Analysis,Regravelling,346286688,-9999.990234,8.43999958,184
185,T3Run185 Project Analysis,Regravelling,371371904,-9999.990234,8.699999809,185
186,T3Run186 Project Analysis,Regravelling,338338496,-9999.990234,8.5,186
187,T3Run187 Project Analysis,Regravelling,313258880,-9999.990234,8.489999771,187
188,T3Run188 Project Analysis,Regravelling,340898912,-9999.990234,9.039999962,188
189,T3Run189 Project Analysis,Regravelling,293921440,-9999.990234,9.159999847,189
190,T3Run190 Project Analysis,Regravelling,29453012,591.1699829,6.630000114,190
191,T3Run191 Project Analysis,Regravelling,27629180,554.210022,6.599999905,191
192,T3Run192 Project Analysis,Regravelling,29815708,601.2399902,6.650000095,192
193,T3Run193 Project Analysis,Regravelling,26885868,544.9699707,6.610000134,193
194,T3Run194 Project Analysis,Regravelling,23902806,464.6300049,6.610000134,194
195,T3Run195 Project Analysis,Regravelling,26058118,507.1400146,6.710000038,195
196,T3Run196 Project Analysis,Regravelling,21868034,423.6900024,6.730000019,196
197,T3Run197 Project Analysis,Regravelling,75101912,-9999.990234,6.940000057,197
198,T3Run198 Project Analysis,Regravelling,70842192,-9999.990234,6.889999866,198
199,T3Run199 Project Analysis,Regravelling,76045528,-9999.990234,6.96999979,199
200,T3Run200 Project Analysis,Regravelling,68978000,-9999.990234,6.909999847,200
201,T3Run201 Project Analysis,Regravelling,62268816,-9999.990234,6.900000095,201
202,T3Run202 Project Analysis,Regravelling,67693768,-9999.990234,7.070000172,202
203,T3Run203 Project Analysis,Regravelling,58198796,-9999.990234,7.110000134,203
204,T3Run204 Project Analysis,Regravelling,339358080,-9999.990234,8.670000076,204
205,T3Run205 Project Analysis,Regravelling,321334752,-9999.990234,8.5,205
206,T3Run206 Project Analysis,Regravelling,342878912,-9999.990234,8.760000229,206
207,T3Run207 Project Analysis,Regravelling,312162976,-9999.990234,8.56000042,207
208,T3Run208 Project Analysis,Regravelling,287226336,-9999.990234,8.550000191,208
209,T3Run209 Project Analysis,Regravelling,307321408,-9999.990234,9.100000381,209
210,T3Run210 Project Analysis,Regravelling,268672192,-9999.990234,9.220000267,210
211,T3Run211 Project Analysis,Regravelling,22739840,-9999.990234,7.199999809,211
212,T3Run212 Project Analysis,Regravelling,22962028,-9999.990234,6.760000229,212
213,T3Run213 Project Analysis,Regravelling,23061444,-9999.990234,7.25,213
214,T3Run214 Project Analysis,Regravelling,22436498,-9999.990234,6.789999962,214
215,T3Run215 Project Analysis,Regravelling,20203170,-9999.990234,6.78000021,215
216,T3Run216 Project Analysis,Regravelling,22733936,-9999.990234,7.039999962,216
217,T3Run217 Project Analysis,Regravelling,20257304,849.9699707,6.75,217
218,T3Run218 Project Analysis,Regravelling,56872852,-9999.990234,8.079999924,218
219,T3Run219 Project Analysis,Regravelling,58917356,-9999.990234,7.449999809,219
220,T3Run220 Project Analysis,Regravelling,63497608,-9999.990234,7.639999866,220
221,T3Run221 Project Analysis,Regravelling,57977152,-9999.990234,7.489999771,221
222,T3Run222 Project Analysis,Regravelling,57230736,-9999.990234,7.090000153,222
223,T3Run223 Project Analysis,Regravelling,63753820,-9999.990234,7.400000095,223
224,T3Run224 Project Analysis,Regravelling,58175196,-9999.990234,7.110000134,224
225,T3Run225 Project Analysis,Regravelling,299887680,-9999.990234,9.840000153,225
226,T3Run226 Project Analysis,Regravelling,283038656,-9999.990234,9.569999695,226
227,T3Run227 Project Analysis,Regravelling,302619328,-9999.990234,9.979999542,227
228,T3Run228 Project Analysis,Regravelling,307337952,-9999.990234,9.140000343,228
229,T3Run229 Project Analysis,Regravelling,285546560,-9999.990234,9.130000114,229
230,T3Run230 Project Analysis,Regravelling,310073984,-9999.990234,9.87,230
231,T3Run231 Project Analysis,Regravelling,291335104,-9999.990234,9.529999733,231
232,T3Run232 Project Analysis,Regravelling,22739840,-9999.990234,7.199999809,232
233,T3Run233 Project Analysis,Regravelling,22962028,-9999.990234,6.760000229,233
234,T3Run234 Project Analysis,Regravelling,23061444,-9999.990234,7.25,234
235,T3Run235 Project Analysis,Regravelling,22436498,-9999.990234,6.789999962,235
236,T3Run236 Project Analysis,Regravelling,20203170,-9999.990234,6.78000021,236
237,T3Run237 Project Analysis,Regravelling,22733936,-9999.990234,7.039999962,237
238,T3Run238 Project Analysis,Regravelling,20257304,849.9699707,6.75,238
239,T3Run239 Project Analysis,Regravelling,56872852,-9999.990234,8.079999924,239
240,T3Run240 Project Analysis,Regravelling,58917356,-9999.990234,7.449999809,240
241,T3Run241 Project Analysis,Regravelling,63497608,-9999.990234,7.639999866,241
242,T3Run242 Project Analysis,Regravelling,57977152,-9999.990234,7.489999771,242
243,T3Run243 Project Analysis,Regravelling,57230736,-9999.990234,7.090000153,243
244,T3Run244 Project Analysis,Regravelling,63753820,-9999.990234,7.400000095,244
245,T3Run245 Project Analysis,Regravelling,58175196,-9999.990234,7.110000134,245
246,T3Run246 Project Analysis,Regravelling,299887680,-9999.990234,9.840000153,246
247,T3Run247 Project Analysis,Regravelling,283038656,-9999.990234,9.569999695,247
248,T3Run248 Project Analysis,Regravelling,302619328,-9999.990234,9.979999542,248
249,T3Run249 Project Analysis,Regravelling,307337952,-9999.990234,9.140000343,249
250,T3Run250 Project Analysis,Regravelling,285546560,-9999.990234,9.130000114,250
251,T3Run251 Project Analysis,Regravelling,310073984,-9999.990234,9.869999886,251
252,T3Run252 Project Analysis,Regravelling,291335104,-9999.990234,9.529999733,252
253,T3Run253 Project Analysis,Regravelling,32609536,-9999.990234,6.690000057,253
254,T3Run254 Project Analysis,Regravelling,30352810,-9999.990234,6.639999866,254
255,T3Run255 Project Analysis,Regravelling,33170232,-9999.990234,6.710000038,255
256,T3Run256 Project Analysis,Regravelling,29695272,-9999.990234,6.659999847,256
257,T3Run257 Project Analysis,Regravelling,26683752,-9999.990234,6.659999847,257
258,T3Run258 Project Analysis,Regravelling,29955714,-9999.990234,6.800000191,258
259,T3Run259 Project Analysis,Regravelling,25028786,566.9199829,6.840000153,259
260,T3Run260 Project Analysis,Regravelling,84349912,-9999.990234,7.159999847,260
261,T3Run261 Project Analysis,Regravelling,79180464,-9999.990234,7.079999924,261
262,T3Run262 Project Analysis,Regravelling,85679512,-9999.990234,7.199999809,262
263,T3Run263 Project Analysis,Regravelling,77822216,-9999.990234,7.110000134,263
264,T3Run264 Project Analysis,Regravelling,70745704,-9999.990234,7.099999905,264
265,T3Run265 Project Analysis,Regravelling,78404816,-9999.990234,7.349999905,265
266,T3Run266 Project Analysis,Regravelling,66860756,-9999.990234,7.400000095,266
267,T3Run267 Project Analysis,Regravelling,374024128,-9999.990234,9.489999771,267
268,T3Run268 Project Analysis,Regravelling,353078848,-9999.990234,9.260000229,268
269,T3Run269 Project Analysis,Regravelling,377760032,-9999.990234,9.609999657,269
270,T3Run270 Project Analysis,Regravelling,379808896,-9999.990234,8.859999657,270
271,T3Run271 Project Analysis,Regravelling,352535616,-9999.990234,8.850000381,271
272,T3Run272 Project Analysis,Regravelling,382318496,-9999.990234,9.489999771,272
273,T3Run273 Project Analysis,Regravelling,329560160,-9999.990234,9.630000114,273
274,T3Run274 Project Analysis,Regravelling,35941372,-9999.990234,6.599999905,274
275,T3Run275 Project Analysis,Regravelling,33591616,868.8400269,6.559999943,275
276,T3Run276 Project Analysis,Regravelling,36523724,-9999.990234,6.619999886,276
277,T3Run277 Project Analysis,Regravelling,32867558,812.1900024,6.579999924,277
278,T3Run278 Project Analysis,Regravelling,29436458,613.1599731,6.570000172,278
279,T3Run279 Project Analysis,Regravelling,32845842,714.9299927,6.679999828,279
280,T3Run280 Project Analysis,Regravelling,27493426,490.7900085,6.710000038,280
281,T3Run281 Project Analysis,Regravelling,92233088,-9999.990234,6.96999979,281
282,T3Run282 Project Analysis,Regravelling,86684840,-9999.990234,6.909999847,282
283,T3Run283 Project Analysis,Regravelling,93628256,-9999.990234,7,283
284,T3Run284 Project Analysis,Regravelling,84811728,-9999.990234,6.929999828,284
285,T3Run285 Project Analysis,Regravelling,77034448,-9999.990234,6.929999828,285
286,T3Run286 Project Analysis,Regravelling,85264744,-9999.990234,7.119999886,286
287,T3Run287 Project Analysis,Regravelling,72919920,-9999.990234,7.170000076,287
288,T3Run288 Project Analysis,Regravelling,414411488,-9999.990234,9.039999962,288
289,T3Run289 Project Analysis,Regravelling,391325600,-9999.990234,8.840000153,289
290,T3Run290 Project Analysis,Regravelling,418625888,-9999.990234,9.149999619,290
291,T3Run291 Project Analysis,Regravelling,382140576,-9999.990234,8.909999847,291
292,T3Run292 Project Analysis,Regravelling,354921984,-9999.990234,8.899999619,292
293,T3Run293 Project Analysis,Regravelling,384997792,-9999.990234,9.539999962,293
294,T3Run294 Project Analysis,Regravelling,332095584,-9999.990234,9.68999958,294
295,T3Run295 Project Analysis,Regravelling,35073372,606.7600098,6.690000057,295
296,T3Run296 Project Analysis,Regravelling,32953130,569.1099854,6.650000095,296
297,T3Run297 Project Analysis,Regravelling,35508692,617.0900269,6.699999809,297
298,T3Run298 Project Analysis,Regravelling,32089944,559.6199951,6.659999847,298
299,T3Run299 Project Analysis,Regravelling,28651660,477.8500061,6.659999847,299
300,T3Run300 Project Analysis,Regravelling,31220460,521.1799927,6.769999981,300
301,T3Run301 Project Analysis,Regravelling,26342470,436.2099915,6.800000191,301
302,T3Run302 Project Analysis,Regravelling,87926904,-9999.990234,7.050000191,302
303,T3Run303 Project Analysis,Regravelling,82974504,-9999.990234,7,303
304,T3Run304 Project Analysis,Regravelling,89030360,-9999.990234,7.090000153,304
305,T3Run305 Project Analysis,Regravelling,80814296,-9999.990234,7.019999981,305
306,T3Run306 Project Analysis,Regravelling,73107320,-9999.990234,7.010000229,306
307,T3Run307 Project Analysis,Regravelling,79448688,-9999.990234,7.199999809,307
308,T3Run308 Project Analysis,Regravelling,68566392,-9999.990234,7.25,308
309,T3Run309 Project Analysis,Regravelling,382478400,-9999.990234,9.100000381,309
310,T3Run310 Project Analysis,Regravelling,362101056,-9999.990234,8.899999619,310
311,T3Run311 Project Analysis,Regravelling,385281888,-9999.990234,9.210000038,311
312,T3Run312 Project Analysis,Regravelling,351550304,-9999.990234,8.970000267,312
313,T3Run313 Project Analysis,Regravelling,324497920,-9999.990234,8.960000038,313
314,T3Run314 Project Analysis,Regravelling,345797056,-9999.990234,9.600000381,314
315,T3Run315 Project Analysis,Regravelling,302616032,-9999.990234,9.75,315
316,T3Run316 Project Analysis,Regravelling,29023792,-9999.990234,7.28000021,316
317,T3Run317 Project Analysis,Regravelling,29137674,-9999.990234,6.829999924,317
318,T3Run318 Project Analysis,Regravelling,29428426,-9999.990234,7.340000153,318
319,T3Run319 Project Analysis,Regravelling,28491908,-9999.990234,6.860000134,319
320,T3Run320 Project Analysis,Regravelling,25773124,-9999.990234,6.849999905,320
321,T3Run321 Project Analysis,Regravelling,28871548,-9999.990234,7.130000114,321
322,T3Run322 Project Analysis,Regravelling,25673668,-9999.990234,6.840000153,322
323,T3Run323 Project Analysis,Regravelling,71152624,-9999.990234,8.25,323
324,T3Run324 Project Analysis,Regravelling,72993448,-9999.990234,7.599999905,324
325,T3Run325 Project Analysis,Regravelling,78619240,-9999.990234,7.809999943,325
326,T3Run326 Project Analysis,Regravelling,71798048,-9999.990234,7.650000095,326
327,T3Run327 Project Analysis,Regravelling,70452176,-9999.990234,7.239999771,327
328,T3Run328 Project Analysis,Regravelling,78319928,-9999.990234,7.579999924,328
329,T3Run329 Project Analysis,Regravelling,71065248,-9999.990234,7.289999962,329
330,T3Run330 Project Analysis,Regravelling,346512096,-9999.990234,10.35000038,330
331,T3Run331 Project Analysis,Regravelling,327955104,-9999.990234,10.05000019,331
332,T3Run332 Project Analysis,Regravelling,349526336,-9999.990234,10.51000023,332
333,T3Run333 Project Analysis,Regravelling,352608960,-9999.990234,9.640000343,333
334,T3Run334 Project Analysis,Regravelling,329299968,-9999.990234,9.619999886,334
335,T3Run335 Project Analysis,Regravelling,356397984,-9999.990234,10.47000027,335
336,T3Run336 Project Analysis,Regravelling,331965728,-9999.990234,10.14999962,336
337,T3Run337 Project Analysis,Regravelling,29023792,-9999.990234,7.28000021,337
338,T3Run338 Project Analysis,Regravelling,29137674,-9999.990234,6.829999924,338
339,T3Run339 Project Analysis,Regravelling,29428426,-9999.990234,7.340000153,339
340,T3Run340 Project Analysis,Regravelling,28491908,-9999.990234,6.860000134,340
341,T3Run341 Project Analysis,Regravelling,25773124,-9999.990234,6.849999905,341
342,T3Run342 Project Analysis,Regravelling,28871548,-9999.990234,7.130000114,342
343,T3Run343 Project Analysis,Regravelling,25673668,-9999.990234,6.840000153,343
344,T3Run344 Project Analysis,Regravelling,71152624,-9999.990234,8.25,344
345,T3Run345 Project Analysis,Regravelling,72993448,-9999.990234,7.599999905,345
346,T3Run346 Project Analysis,Regravelling,78619240,-9999.990234,7.809999943,346
347,T3Run347 Project Analysis,Regravelling,71798048,-9999.990234,7.650000095,347
348,T3Run348 Project Analysis,Regravelling,70452176,-9999.990234,7.239999771,348
349,T3Run349 Project Analysis,Regravelling,78319928,-9999.990234,7.579999924,349
350,T3Run350 Project Analysis,Regravelling,71065248,-9999.990234,7.289999962,350
351,T3Run351 Project Analysis,Regravelling,346512096,-9999.990234,10.35000038,351
352,T3Run352 Project Analysis,Regravelling,327955104,-9999.990234,10.05000019,352
353,T3Run353 Project Analysis,Regravelling,349526336,-9999.990234,10.51000023,353
354,T3Run354 Project Analysis,Regravelling,352608960,-9999.990234,9.640000343,354
355,T3Run355 Project Analysis,Regravelling,329299968,-9999.990234,9.619999886,355
356,T3Run356 Project Analysis,Regravelling,356397984,-9999.990234,10.47000027,356
357,T3Run357 Project Analysis,Regravelling,331965728,-9999.990234,10.14999962,357
358,T3Run358 Project Analysis,Regravelling,39714596,-9999.990234,6.75,358
359,T3Run359 Project Analysis,Regravelling,37050864,-9999.990234,6.699999809,359
360,T3Run360 Project Analysis,Regravelling,40385272,-9999.990234,6.78000021,360
361,T3Run361 Project Analysis,Regravelling,36264936,-9999.990234,6.71999979,361
362,T3Run362 Project Analysis,Regravelling,32712900,-9999.990234,6.71999979,362
363,T3Run363 Project Analysis,Regravelling,36613688,-9999.990234,6.880000114,363
364,T3Run364 Project Analysis,Regravelling,30746922,596.9099731,6.920000076,364
365,T3Run365 Project Analysis,Regravelling,100647504,-9999.990234,7.300000191,365
366,T3Run366 Project Analysis,Regravelling,94547960,-9999.990234,7.21999979,366
367,T3Run367 Project Analysis,Regravelling,102206400,-9999.990234,7.349999905,367
368,T3Run368 Project Analysis,Regravelling,92881712,-9999.990234,7.25,368
369,T3Run369 Project Analysis,Regravelling,84626736,-9999.990234,7.239999771,369
370,T3Run370 Project Analysis,Regravelling,93694224,-9999.990234,7.519999981,370
371,T3Run371 Project Analysis,Regravelling,80114400,-9999.990234,7.579999924,371
372,T3Run372 Project Analysis,Regravelling,423779424,-9999.990234,10,372
373,T3Run373 Project Analysis,Regravelling,400966016,-9999.990234,9.739999771,373
374,T3Run374 Project Analysis,Regravelling,427828928,-9999.990234,10.14999962,374
375,T3Run375 Project Analysis,Regravelling,426845920,-9999.990234,9.350000381,375
376,T3Run376 Project Analysis,Regravelling,397951744,-9999.990234,9.340000153,376
377,T3Run377 Project Analysis,Regravelling,430353760,-9999.990234,10.09000015,377
378,T3Run378 Project Analysis,Regravelling,370736000,-9999.990234,10.26000023,378
379,T3Run379 Project Analysis,Regravelling,43308552,-9999.990234,6.670000076,379
380,T3Run380 Project Analysis,Regravelling,40544616,891.7299805,6.630000114,380
381,T3Run381 Project Analysis,Regravelling,44002828,-9999.990234,6.690000057,381
382,T3Run382 Project Analysis,Regravelling,39690852,833.7800293,6.639999866,382
383,T3Run383 Project Analysis,Regravelling,35706488,630.6300049,6.639999866,383
384,T3Run384 Project Analysis,Regravelling,39762584,734.5100098,6.760000229,384
385,T3Run385 Project Analysis,Regravelling,33455964,505.6600037,6.789999962,385
386,T3Run386 Project Analysis,Regravelling,108869448,-9999.990234,7.119999886,386
387,T3Run387 Project Analysis,Regravelling,102393144,-9999.990234,7.050000191,387
388,T3Run388 Project Analysis,Regravelling,110494952,-9999.990234,7.159999847,388
389,T3Run389 Project Analysis,Regravelling,100186664,-9999.990234,7.070000172,389
390,T3Run390 Project Analysis,Regravelling,91218792,-9999.990234,7.070000172,390
391,T3Run391 Project Analysis,Regravelling,100895336,-9999.990234,7.289999962,391
392,T3Run392 Project Analysis,Regravelling,86411880,-9999.990234,7.340000153,392
393,T3Run393 Project Analysis,Regravelling,464893056,-9999.990234,9.56000042,393
394,T3Run394 Project Analysis,Regravelling,439902272,-9999.990234,9.329999924,394
395,T3Run395 Project Analysis,Regravelling,469428064,-9999.990234,9.680000305,395
396,T3Run396 Project Analysis,Regravelling,429224992,-9999.990234,9.409999847,396
397,T3Run397 Project Analysis,Regravelling,400385376,-9999.990234,9.390000343,397
398,T3Run398 Project Analysis,Regravelling,433085440,-9999.990234,10.14999962,398
399,T3Run399 Project Analysis,Regravelling,373299968,-9999.990234,10.31999969,399
400,T3Run400 Project Analysis,Regravelling,41970928,622.3800049,6.75,400
401,T3Run401 Project Analysis,Regravelling,39485736,584.039978,6.710000038,401
402,T3Run402 Project Analysis,Regravelling,42494880,632.9699707,6.769999981,402
403,T3Run403 Project Analysis,Regravelling,38472220,574.2800293,6.730000019,403
404,T3Run404 Project Analysis,Regravelling,34482556,491.0799866,6.71999979,404
405,T3Run405 Project Analysis,Regravelling,37558468,535.2399902,6.849999905,405
406,T3Run406 Project Analysis,Regravelling,31857910,448.75,6.880000114,406
407,T3Run407 Project Analysis,Regravelling,103350040,-9999.990234,7.199999809,407
408,T3Run408 Project Analysis,Regravelling,97565856,-9999.990234,7.130000114,408
409,T3Run409 Project Analysis,Regravelling,104638928,-9999.990234,7.239999771,409
410,T3Run410 Project Analysis,Regravelling,95034720,-9999.990234,7.159999847,410
411,T3Run411 Project Analysis,Regravelling,86143184,-9999.990234,7.150000095,411
412,T3Run412 Project Analysis,Regravelling,93610728,-9999.990234,7.369999886,412
413,T3Run413 Project Analysis,Regravelling,80942544,-9999.990234,7.420000076,413
414,T3Run414 Project Analysis,Regravelling,427255648,-9999.990234,9.619999886,414
415,T3Run415 Project Analysis,Regravelling,405435104,-9999.990234,9.390000343,415
416,T3Run416 Project Analysis,Regravelling,430132288,-9999.990234,9.739999771,416
417,T3Run417 Project Analysis,Regravelling,393220064,-9999.990234,9.470000267,417
418,T3Run418 Project Analysis,Regravelling,364575296,-9999.990234,9.449999809,418
419,T3Run419 Project Analysis,Regravelling,386988000,-9999.990234,10.19999981,419
420,T3Run420 Project Analysis,Regravelling,338647968,-9999.990234,10.36999989,420
