Run,TG,Co,Tv,GE,,NPV,IRR,AVE_IRI,NPV DELTA,IRR DELTA,AVE_IRI DELTA,NPV DELTA,IRR DELTA,AVE_IRI DELTA,NPV DELTA,IRR DELTA,AVE_IRI DELTA,NPV DELTA,IRR DELTA,AVE_IRI DELTA
1,1,0,0,0,,-4666723,7.769999981,2.329999924,,,,,,,,,,,,
2,1,0,0,1,,-4032837,8.430000305,2.329999924,633886,0.660000324,0,,,,,,,,,
3,1,0,0,2,,-4352480.5,8.090000153,2.329999924,319643.5,0.340000152,0,,,,,,,,,
4,1,0,0,3,,-3483538.75,8.960000038,2.329999924,868941.75,0.869999885,0,,,,,,,,,
5,1,0,0,4,,-4202983,8.300000191,2.329999924,719444.25,0.659999847,0,,,,,,,,,
6,1,0,0,5,,-4660392,7.75,2.329999924,457409,0.550000191,0,,,,,,,,,
7,1,0,0,6,,-6447347.5,-86.18000031,2.329999924,1786955.5,93.93000031,0,,,,,,,,,
8,1,0,1,0,,57882248,32.06000137,2.369999886,,,,"62,548,971",24,0.04,,,,,,
9,1,0,1,1,,60533832,32.84000015,2.369999886,2651584,0.77999878,0,"64,566,669",24,0.04,,,,,,
10,1,0,1,2,,59049788,32.43999863,2.369999886,1484044,0.40000152,0,"63,402,269",24,0.04,,,,,,
11,1,0,1,3,,62502248,33.47000122,2.369999886,3452460,1.03000259,0,"65,985,787",25,0.04,,,,,,
12,1,0,1,4,,59028648,32.52999878,2.369999886,3473600,0.94000244,0,"63,231,631",24,0.04,,,,,,
13,1,0,1,5,,54923976,32.02000046,2.369999886,4104672,0.50999832,0,"59,584,368",24,0.04,,,,,,
14,1,0,1,6,,45105628,29.59000015,2.369999886,9818348,2.43000031,0,"51,552,976",116,0.04,,,,,,
15,1,0,2,0,,260752464,61.18999863,2.470000029,,,,"202,870,216",29,0.1,,,,,,
16,1,0,2,1,,268792448,63.24000168,2.470000029,8039984,2.05000305,0,"208,258,616",30,0.1,,,,,,
17,1,0,2,2,,264480544,62.15999985,2.470000029,4311904,1.08000183,0,"205,430,756",30,0.1,,,,,,
18,1,0,2,3,,275226304,65.44000244,2.480000019,10745760,3.28000259,0.00999999,"212,724,056",32,0.11,,,,,,
19,1,0,2,4,,263155168,64.19999695,2.480000019,12071136,1.24000549,0,"204,126,520",32,0.11,,,,,,
20,1,0,2,5,,248563072,64.16999817,2.480000019,14592096,0.02999878,0,"193,639,096",32,0.11,,,,,,
21,1,0,2,6,,214266848,60.54999924,2.480000019,34296224,3.61999893,0,"169,161,220",31,0.11,,,,,,
22,1,1,0,0,,-4408647.5,8.06000042,2.329999924,,,,"265,161,112",53,0.14,258076,0,0,,,
23,1,1,0,1,,-3769528.5,8.710000038,2.329999924,639119,0.649999618,0,"272,561,977",55,0.14,263308.5,0,0,,,
24,1,1,0,2,,-4094715.75,8.390000343,2.329999924,325187.25,0.319999695,0,"268,575,260",54,0.14,257764.75,0,0,,,
25,1,1,0,3,,-3222646.25,9.239999771,2.329999924,872069.5,0.849999428,0,"278,448,950",56,0.15,260892.5,0,0,,,
26,1,1,0,4,,-3952253,8.569999695,2.329999924,729606.75,0.670000076,0,"267,107,421",56,0.15,250730,0,0,,,
27,1,1,0,5,,-4440256.5,7.989999771,2.329999924,488003.5,0.579999924,0,"253,003,329",56,0.15,220135.5,0,0,,,
28,1,1,0,6,,-6261197.5,-89.06999969,2.329999924,1820941,97.05999946,0,"220,528,046",150,0.15,186150,3,0,,,
29,1,1,1,0,,63484476,33.56999969,2.369999886,,,,"67,893,124",26,0.04,5602228,2,0,,,
30,1,1,1,1,,66178748,34.34999847,2.369999886,2694272,0.77999878,0,"69,948,277",26,0.04,5644916,2,0,,,
31,1,1,1,2,,64668056,33.93000031,2.369999886,1510692,0.41999816,0,"68,762,772",26,0.04,5618268,1,0,,,
32,1,1,1,3,,68072248,34.97000122,2.369999886,3404192,1.04000091,0,"71,294,894",26,0.04,5570000,2,0,,,
33,1,1,1,4,,64191784,33.95000076,2.369999886,3880464,1.02000046,0,"68,144,037",25,0.04,5163136,1,0,,,
34,1,1,1,5,,59741008,33.45999908,2.369999886,4450776,0.49000168,0,"64,181,265",25,0.04,4817032,1,0,,,
35,1,1,1,6,,49082540,30.87000084,2.369999886,10658468,2.58999824,0,"55,343,738",120,0.04,3976912,1,0,,,
36,1,1,2,0,,287099072,67.51000214,2.470000029,,,,"223,614,596",34,0.1,26346608,6,0,,,
37,1,1,2,1,,295132928,69.76999664,2.470000029,8033856,2.2599945,0,"228,954,180",35,0.1,26340480,7,0,,,
38,1,1,2,2,,290823712,68.61000061,2.470000029,4309216,1.15999603,0,"226,155,656",35,0.1,26343168,6,0,,,
39,1,1,2,3,,300665280,72.12999725,2.470000029,9841568,3.51999664,0,"232,593,032",37,0.1,25438976,7,0.01,,,
40,1,1,2,4,,286152928,70.43000031,2.480000019,14512352,1.69999694,0.00999999,"221,961,144",36,0.11,22997760,6,0,,,
41,1,1,2,5,,269864704,70.37000275,2.480000019,16288224,0.05999756,0,"210,123,696",37,0.11,21301632,6,0,,,
42,1,1,2,6,,231441472,65.83999634,2.480000019,38423232,4.53000641,0,"182,358,932",35,0.11,17174624,5,0,,,
43,1,2,0,0,,33069732,32.02999878,2.880000114,,,,"254,029,340",35,0.41,37478379.5,24,0.55,,,
44,1,2,0,1,,34301376,33,2.880000114,1231644,0.97000122,0,"260,831,552",37,0.41,38070904.5,24,0.55,,,
45,1,2,0,2,,33576992,32.52999878,2.880000114,724384,0.47000122,0,"257,246,720",36,0.41,37671707.75,24,0.55,,,
46,1,2,0,3,,34841096,33.86999893,2.880000114,1264104,1.34000015,0,"265,824,184",38,0.41,38063742.25,25,0.55,,,
47,1,2,0,4,,32164716,32.75999832,2.880000114,2676380,1.11000061,0,"253,988,212",38,0.4,36116969,24,0.55,,,
48,1,2,0,5,,28716990,31.34000015,2.880000114,3447726,1.41999817,0,"241,147,714",39,0.4,33157246.5,23,0.55,,,
49,1,2,0,6,,21872764,27.84000015,2.880000114,6844226,3.5,0,"209,568,708",38,0.4,28133961.5,117,0.55,,,
50,1,2,1,0,,252687152,110.5299988,2.950000048,,,,"219,617,420",79,0.07,189202676,77,0.58,,,
51,1,2,1,1,,256778752,115.4300003,2.950000048,4091600,4.9000015,0,"222,477,376",82,0.07,190600004,81,0.58,,,
52,1,2,1,2,,254237744,113.2300034,2.950000048,2541008,2.1999969,0,"220,660,752",81,0.07,189569688,79,0.58,,,
53,1,2,1,3,,256463840,120.6699982,2.950000048,2226096,7.4399948,0,"221,622,744",87,0.07,188391592,86,0.58,,,
54,1,2,1,4,,240312144,116.7200012,2.950000048,16151696,3.949997,0,"208,147,428",84,0.07,176120360,83,0.58,,,
55,1,2,1,5,,222113792,112.9499969,2.950000048,18198352,3.7700043,0,"193,396,802",82,0.07,162372784,79,0.58,,,
56,1,2,1,6,,184878256,101.1100006,2.950000048,37235536,11.8399963,0,"163,005,492",73,0.07,135795716,70,0.58,,,
57,1,2,2,0,,969801152,299.75,3.079999924,,,,"717,114,000",189,0.13,682702080,232,0.61,,,
58,1,2,2,1,,974543424,314.0700073,3.079999924,4742272,14.3200073,0,"717,764,672",199,0.13,679410496,244,0.61,,,
59,1,2,2,2,,971252864,307.1700134,3.079999924,3290560,6.8999939,0,"717,015,120",194,0.13,680429152,239,0.61,,,
60,1,2,2,3,,960180096,328.9100037,3.079999924,11072768,21.7399903,0,"703,716,256",208,0.13,659514816,257,0.61,,,
61,1,2,2,4,,891360128,318.6700134,3.079999924,68819968,10.2399903,0,"651,047,984",202,0.13,605207200,248,0.6,,,
62,1,2,2,5,,828092032,306.3099976,3.079999924,63268096,12.3600158,0,"605,978,240",193,0.13,558227328,236,0.6,,,
63,1,2,2,6,,688246336,273.2600098,3.079999924,139845696,33.0499878,0,"503,368,080",172,0.13,456804864,207,0.6,,,
64,1,3,0,0,,84853136,63.31999969,3.430000067,,,,"884,948,016",236,0.35,51783404,31,0.55,,,
65,1,3,0,1,,85315352,64.51999664,3.430000067,462216,1.19999695,0,"889,228,072",250,0.35,51013976,32,0.55,,,
66,1,3,0,2,,84865032,63.59999847,3.430000067,450320,0.91999817,0,"886,387,832",244,0.35,51288040,31,0.55,,,
67,1,3,0,3,,83684816,64.69999695,3.430000067,1180216,1.09999848,0,"876,495,280",264,0.35,48843720,31,0.55,,,
68,1,3,0,4,,76819752,62.47999954,3.430000067,6865064,2.21999741,0,"814,540,376",256,0.35,44655036,30,0.55,,,
69,1,3,0,5,,69473464,57.74000168,3.430000067,7346288,4.73999786,0,"758,618,568",249,0.35,40756474,26,0.55,,,
70,1,3,0,6,,54824812,50.61999893,3.430000067,14648652,7.12000275,0,"633,421,524",223,0.35,32952048,23,0.55,,,
71,1,3,1,0,,478717696,265.3699951,3.559999943,,,,"393,864,560",202,0.13,226030544,155,0.61,,,
72,1,3,1,1,,478439200,270.8599854,3.559999943,278496,5.4899903,0,"393,123,848",206,0.13,221660448,155,0.61,,,
73,1,3,1,2,,478129600,266.3800049,3.559999943,309600,4.4799805,0,"393,264,568",203,0.13,223891856,153,0.61,,,
74,1,3,1,3,,467870848,270.9899902,3.559999943,10258752,4.6099853,0,"384,186,032",206,0.13,211407008,150,0.61,,,
75,1,3,1,4,,431582720,261.5499878,3.559999943,36288128,9.4400024,0,"354,762,968",199,0.13,191270576,145,0.61,,,
76,1,3,1,5,,398640896,237.2599945,3.559999943,32941824,24.2899933,0,"329,167,432",180,0.13,176527104,124,0.61,,,
77,1,3,1,6,,326270080,205.3099976,3.559999943,72370816,31.9499969,0,"271,445,268",155,0.13,141391824,104,0.61,,,
78,1,3,2,0,,1459862912,-9999.990234,3.809999943,,,,"981,145,216","10,265",0.25,490061760,10300,0.73,,,
79,1,3,2,1,,1453180160,-9999.990234,3.809999943,6682752,0,0,"974,740,960","10,271",0.25,478636736,10314,0.73,,,
80,1,3,2,2,,1456826496,-9999.990234,3.809999943,3646336,0,0,"978,696,896","10,266",0.25,485573632,10307,0.73,,,
81,1,3,2,3,,1415423872,-9999.990234,3.809999943,41402624,0,0,"947,553,024","10,271",0.25,455243776,10329,0.73,,,
82,1,3,2,4,,1297793408,866.7399902,3.809999943,117630464,10866.73022,0,"866,210,688",605,0.25,406433280,548,0.73,,,
83,1,3,2,5,,1208952960,785.1300049,3.809999943,88840448,81.6099853,0,"810,312,064",548,0.25,380860928,479,0.73,,,
84,1,3,2,6,,989670016,658.9299927,3.809999943,219282944,126.2000122,0,"663,399,936",454,0.25,301423680,386,0.73,,,
85,1,4,0,0,,121515576,102.1299973,3.960000038,,,,"1,338,347,336","10,102",0.15,36662440,39,0.53,,,
86,1,4,0,1,,121055160,102.6399994,3.960000038,460416,0.5100021,0,"1,332,125,000","10,103",0.15,35739808,38,0.53,,,
87,1,4,0,2,,121257616,102.0899963,3.960000038,202456,0.5500031,0,"1,335,568,880","10,102",0.15,36392584,38,0.53,,,
88,1,4,0,3,,117745488,101.2600021,3.960000038,3512128,0.8299942,0,"1,297,678,384","10,101",0.15,34060672,37,0.53,,,
89,1,4,0,4,,106896328,95.80000305,3.960000038,10849160,5.45999905,0,"1,190,897,080",771,0.15,30076576,33,0.53,,,
90,1,4,0,5,,98191088,88.33000183,3.960000038,8705240,7.47000122,0,"1,110,761,872",697,0.15,28717624,31,0.53,,,
91,1,4,0,6,,77457040,74.65000153,3.960000038,20734048,13.6800003,0,"912,212,976",584,0.15,22632228,24,0.53,,,
92,1,4,1,0,,586528192,430.9299927,4.079999924,,,,"465,012,616",329,0.12,107810496,166,0.52,,,
93,1,4,1,1,,583666624,432.7200012,4.079999924,2861568,1.7900085,0,"462,611,464",330,0.12,105227424,162,0.52,,,
94,1,4,1,2,,585243520,430.6000061,4.079999924,1576896,2.1199951,0,"463,985,904",329,0.12,107113920,164,0.52,,,
95,1,4,1,3,,568097472,426.1000061,4.079999924,17146048,4.5,0,"450,351,984",325,0.12,100226624,155,0.52,,,
96,1,4,1,4,,518978176,400.1099854,4.079999924,49119296,25.9900207,0,"412,081,848",304,0.12,87395456,139,0.52,,,
97,1,4,1,5,,483624800,368.2399902,4.079999924,35353376,31.8699952,0,"385,433,712",280,0.12,84983904,131,0.52,,,
98,1,4,1,6,,393334368,306.2799988,4.090000153,90290432,61.9599914,0.010000229,"315,877,328",232,0.13,67064288,101,0.53,,,
99,1,4,2,0,,1617627520,-9999.990234,4.329999924,,,,"1,031,099,328","10,431",0.25,157764608,0,0.52,,,
100,1,4,2,1,,1607027072,-9999.990234,4.329999924,10600448,0,0,"1,023,360,448","10,433",0.25,153846912,0,0.52,,,
101,1,4,2,2,,1613725952,-9999.990234,4.329999924,6698880,0,0,"1,028,482,432","10,431",0.25,156899456,0,0.52,,,
102,1,4,2,3,,1561634816,-9999.990234,4.329999924,52091136,0,0,"993,537,344","10,426",0.25,146210944,0,0.52,,,
103,1,4,2,4,,1423934848,-9999.990234,4.329999924,137699968,0,0,"904,956,672","10,400",0.25,126141440,10867,0.52,,,
104,1,4,2,5,,1332877568,-9999.990234,4.329999924,91057280,0,0,"849,252,768","10,368",0.25,123924608,10785,0.52,,,
105,1,4,2,6,,1088928384,-9999.990234,4.329999924,243949184,0,0,"695,594,016","10,306",0.24,99258368,10659,0.52,,,
106,2,0,0,0,,-2209707.5,10.21000004,2.329999924,,,,"1,619,837,228","10,010",2,123725283.5,92,1.63,"2,457,016",2, -   
107,2,0,0,1,,-1470764.63,10.84000015,2.329999924,738942.87,0.63000011,0,"1,608,497,837","10,011",2,122525924.6,92,1.63,"2,562,072",2, -   
108,2,0,0,2,,-1848279.38,10.52999973,2.329999924,377514.75,0.31000042,0,"1,615,574,231","10,011",2,123105895.4,92,1.63,"2,504,201",2, -   
109,2,0,0,3,,-837300.31,11.35999966,2.329999924,1010979.07,0.82999993,0,"1,562,472,116","10,011",2,118582788.3,90,1.63,"2,646,238",2, -   
110,2,0,0,4,,-1662859.25,10.69999981,2.329999924,825558.94,0.65999985,0,"1,425,597,707","10,011",2,108559187.3,85,1.63,"2,540,124",2, -   
111,2,0,0,5,,-2255694.25,10.14999962,2.329999924,592835,0.55000019,0,"1,335,133,262","10,010",2,100446782.3,78,1.63,"2,404,698",2, -   
112,2,0,0,6,,-4350953,8.199999809,2.329999924,2095258.75,1.949999811,0,"1,093,279,337","10,008",2,81807993,66,1.63,"2,096,395",94, -   
113,2,0,1,0,,78712416,35.08000183,2.369999886,,,,"80,922,124",25,0.04,507815776,396,1.71,"20,830,168",3, -   
114,2,0,1,1,,81701304,35.84999847,2.369999886,2988888,0.76999664,0,"83,172,069",25,0.04,501965320,397,1.71,"21,167,472",3, -   
115,2,0,1,2,,80006928,35.45000076,2.369999886,1694376,0.39999771,0,"81,855,207",25,0.04,505236592,395,1.71,"20,957,140",3, -   
116,2,0,1,3,,83735664,36.47999954,2.369999886,3728736,1.02999878,0,"84,572,964",25,0.04,484361808,390,1.71,"21,233,416",3, -   
117,2,0,1,4,,79023872,35.49000168,2.380000114,4711792,0.98999786,0.010000228,"80,686,731",25,0.05,439954304,365,1.7,"19,995,224",3,0
118,2,0,1,5,,73634256,34.97000122,2.380000114,5389616,0.52000046,0,"75,889,950",25,0.05,409990544,333,1.7,"18,710,280",3,0
119,2,0,1,6,,61052064,32.47000122,2.380000114,12582192,2.5,0,"65,403,017",24,0.05,332282304,274,1.71,"15,946,436",3,0
120,2,0,2,0,,334719808,65.41000366,2.49000001,,,,"256,007,392",30,0.12,1282907712,10065,1.84,"73,967,344",4,0
121,2,0,2,1,,343250240,67.55999756,2.49000001,8530432,2.1499939,0,"261,548,936",32,0.12,1263776832,10068,1.84,"74,457,792",4,0
122,2,0,2,2,,338756512,66.43000031,2.49000001,4493728,1.12999725,0,"258,749,584",31,0.12,1274969440,10066,1.84,"74,275,968",4,0
123,2,0,2,3,,349171808,69.87999725,2.49000001,10415296,3.44999694,0,"265,436,144",33,0.12,1212463008,10070,1.84,"73,945,504",4,0
124,2,0,2,4,,332415168,68.61000061,2.49000001,16756640,1.26999664,0,"253,391,296",33,0.11,1091519680,10069,1.84,"69,260,000",4,0
125,2,0,2,5,,313335904,68.58999634,2.49000001,19079264,0.02000427,0,"239,701,648",34,0.11,1019541664,10069,1.84,"64,772,832",4,0
126,2,0,2,6,,269283200,64.80000305,2.5,44052704,3.78999329,0.00999999,"208,231,136",32,0.12,819645184,10065,1.83,"55,016,352",4,0
127,2,1,0,0,,-1881338,10.51000023,2.329999924,,,,"336,601,146",55,0.16,328369.5,0,0,"2,527,310",2, -   
128,2,1,0,1,,-1138116.5,11.10999966,2.329999924,743221.5,0.59999943,0,"344,388,357",56,0.16,332648.13,0,0,"2,631,412",2, -   
129,2,1,0,2,,-1521047,10.80000019,2.329999924,382930.5,0.30999947,0,"340,277,559",56,0.16,327232.38,0,0,"2,573,669",2, -   
130,2,1,0,3,,-510412.94,11.63000011,2.329999924,1010634.06,0.82999992,0,"349,682,221",58,0.16,326887.37,0,0,"2,712,233",2, -   
131,2,1,0,4,,-1349674.25,10.93999958,2.329999924,839261.31,0.69000053,0,"333,764,842",58,0.16,313185,0,0,"2,602,579",2, -   
132,2,1,0,5,,-1982487.88,10.40999985,2.329999924,632813.63,0.52999973,0,"315,318,392",58,0.16,273206.37,0,0,"2,457,769",2, -   
133,2,1,0,6,,-4122130.5,8.449999809,2.329999924,2139642.62,1.960000041,0,"273,405,331",56,0.17,228822.5,0,0,"2,139,067",98, -   
134,2,1,1,0,,86522368,36.83000183,2.369999886,,,,"88,403,706",26,0.04,7809952,2,0,"23,037,892",3, -   
135,2,1,1,1,,89549272,37.61999893,2.369999886,3026904,0.7899971,0,"90,687,389",27,0.04,7847968,2,0,"23,370,524",3, -   
136,2,1,1,2,,87834336,37.20000076,2.369999886,1714936,0.41999817,0,"89,355,383",26,0.04,7827408,2,0,"23,166,280",3, -   
137,2,1,1,3,,91467216,38.25,2.369999886,3632880,1.04999924,0,"91,977,629",27,0.04,7731552,2,0,"23,394,968",3, -   
138,2,1,1,4,,86112464,37.18000031,2.380000114,5354752,1.06999969,0.010000228,"87,462,138",26,0.05,7088592,2,0,"21,920,680",3,0
139,2,1,1,5,,80276064,36.65999985,2.380000114,5836400,0.52000046,0,"82,258,552",26,0.05,6641808,2,0,"20,535,056",3,0
140,2,1,1,6,,66540980,33.97000122,2.380000114,13735084,2.68999863,0,"70,663,111",26,0.05,5488916,2,0,"17,458,440",3,0
141,2,1,2,0,,367135040,72.59999847,2.49000001,,,,"280,612,672",36,0.12,32415232,7,0,"80,035,968",5,0
142,2,1,2,1,,375752704,75,2.49000001,8617664,2.40000153,0,"286,203,432",37,0.12,32502464,7,0,"80,619,776",5,0
143,2,1,2,2,,371182688,73.76000214,2.49000001,4570016,1.23999786,0,"283,348,352",37,0.12,32426176,7,0,"80,358,976",5,0
144,2,1,2,3,,381005760,77.54000092,2.49000001,9823072,3.77999878,0,"289,538,544",39,0.12,31833952,8,0,"80,340,480",5,0
145,2,1,2,4,,361215680,75.73000336,2.49000001,19790080,1.80999756,0,"275,103,216",39,0.11,28800512,7,0,"75,062,752",5,0
146,2,1,2,5,,340191744,75.68000031,2.49000001,21023936,0.05000305,0,"259,915,680",39,0.11,26855840,7,0,"70,327,040",5,0
147,2,1,2,6,,291047488,70.86000061,2.5,49144256,4.8199997,0.00999999,"224,506,508",37,0.12,21764288,6,0,"59,606,016",5,0
148,2,2,0,0,,40856456,34.61000061,2.880000114,,,,"326,278,584",38,0.39,42737794,24,0.55,"7,786,724",3, -   
149,2,2,0,1,,42185176,35.63000107,2.880000114,1328720,1.02000046,0,"333,567,528",39,0.39,43323292.5,25,0.55,"7,883,800",3, -   
150,2,2,0,2,,41395372,35.11000061,2.880000114,789804,0.52000046,0,"329,787,316",39,0.39,42916419,24,0.55,"7,818,380",3, -   
151,2,2,0,3,,42700544,36.54000092,2.880000114,1305172,1.43000031,0,"338,305,216",41,0.39,43210956.94,25,0.55,"7,859,448",3, -   
152,2,2,0,4,,39550100,35.38999939,2.880000114,3150444,1.15000153,0,"321,665,580",40,0.39,40899774.25,24,0.55,"7,385,384",3, -   
153,2,2,0,5,,35555440,33.93000031,2.880000114,3994660,1.45999908,0,"304,636,304",42,0.39,37537927.88,24,0.55,"6,838,450",3, -   
154,2,2,0,6,,27637430,30.35000038,2.880000114,7918010,3.57999993,0,"263,410,058",41,0.38,31759560.5,22,0.55,"5,764,666",3, -   
155,2,2,1,0,,298012608,117.5299988,2.950000048,,,,"257,156,152",83,0.07,211490240,81,0.58,"45,325,456",7, -   
156,2,2,1,1,,302252224,122.7099991,2.950000048,4239616,5.1800003,0,"260,067,048",87,0.07,212702952,85,0.58,"45,473,472",7, -   
157,2,2,1,2,,299577664,120.3799973,2.950000048,2674560,2.3300018,0,"258,182,292",85,0.07,211743328,83,0.58,"45,339,920",7, -   
158,2,2,1,3,,301254368,128.2599945,2.950000048,1676704,7.8799972,0,"258,553,824",92,0.07,209787152,90,0.58,"44,790,528",8, -   
159,2,2,1,4,,281797376,124.0899963,2.950000048,19456992,4.1699982,0,"242,247,276",89,0.07,195684912,87,0.57,"41,485,232",7, -   
160,2,2,1,5,,260644400,120.0999985,2.950000048,21152976,3.9899978,0,"225,088,960",86,0.07,180368336,83,0.57,"38,530,608",7, -   
161,2,2,1,6,,216971072,107.5899963,2.950000048,43673328,12.5100022,0,"189,333,642",77,0.07,150430092,74,0.57,"32,092,816",6, -   
162,2,2,2,0,,1126790784,318.5,3.089999914,,,,"828,778,176",201,0.14,759655744,246,0.6,"156,989,632",19,0
163,2,2,2,1,,1130811520,333.5899963,3.089999914,4020736,15.0899963,0,"828,559,296",211,0.14,755058816,259,0.6,"156,268,096",20,0
164,2,2,2,2,,1127917696,326.269989,3.089999914,2893824,7.3200073,0,"828,340,032",206,0.14,756735008,253,0.6,"156,664,832",19,0
165,2,2,2,3,,1112762240,349.1600037,3.089999914,15155456,22.8900147,0,"811,507,872",221,0.14,731756480,272,0.6,"152,582,144",20,0
166,2,2,2,4,,1031216192,338.3699951,3.089999914,81546048,10.7900086,0,"749,418,816",214,0.14,670000512,263,0.6,"139,856,064",20,0
167,2,2,2,5,,958498624,325.1000061,3.089999914,72717568,13.269989,0,"697,854,224",205,0.14,618306880,249,0.6,"130,406,592",19,0
168,2,2,2,6,,795916736,290.1300049,3.089999914,162581888,34.9700012,0,"578,945,664",183,0.14,504869248,219,0.59,"107,670,400",17,0
169,2,3,0,0,,98558224,67.30000305,3.430000067,,,,"1,028,232,560",251,0.34,57701768,33,0.55,"13,705,088",4, -   
170,2,3,0,1,,99012528,68.58000183,3.430000067,454304,1.27999878,0,"1,031,798,992",265,0.34,56827352,33,0.55,"13,697,176",4, -   
171,2,3,0,2,,98553208,67.59999847,3.430000067,459320,0.98000336,0,"1,029,364,488",259,0.34,57157836,32,0.55,"13,688,176",4, -   
172,2,3,0,3,,97084736,68.76999664,3.430000067,1468472,1.16999817,0,"1,015,677,504",280,0.34,54384192,32,0.55,"13,399,920",4, -   
173,2,3,0,4,,89186256,66.47000122,3.430000067,7898480,2.29999542,0,"942,029,936",272,0.34,49636156,31,0.55,"12,366,504",4, -   
174,2,3,0,5,,80959760,61.50999832,3.430000067,8226496,4.9600029,0,"877,538,864",264,0.34,45404320,28,0.55,"11,486,296",4, -   
175,2,3,0,6,,64311596,54.06999969,3.430000067,16648164,7.43999863,0,"731,605,140",236,0.34,36674166,24,0.55,"9,486,784",3, -   
176,2,3,1,0,,544158272,281.7399902,3.569999933,,,,"445,600,048",214,0.14,246145664,164,0.62,"65,440,576",16,0
177,2,3,1,1,,543508672,287.4899902,3.569999933,649600,5.75,0,"444,496,144",219,0.14,241256448,165,0.62,"65,069,472",17,0
178,2,3,1,2,,543396544,282.7799988,3.569999933,112128,4.7099914,0,"444,843,336",215,0.14,243818880,162,0.62,"65,266,944",16,0
179,2,3,1,3,,531298880,287.5299988,3.569999933,12097664,4.75,0,"434,214,144",219,0.14,230044512,159,0.62,"63,428,032",17,0
180,2,3,1,4,,489633280,277.5,3.569999933,41665600,10.0299988,0,"400,447,024",211,0.14,207835904,153,0.62,"58,050,560",16,0
181,2,3,1,5,,452760736,251.6999969,3.569999933,36872544,25.8000031,0,"371,800,976",190,0.14,192116336,132,0.62,"54,119,840",14,0
182,2,3,1,6,,370770144,217.8099976,3.569999933,81990592,33.8899993,0,"306,458,548",164,0.14,153799072,110,0.62,"44,500,064",13,0
183,2,3,2,0,,1639195264,-9999.990234,3.819999933,,,,"1,095,036,992","10,282",0.25,512404480,10318,0.73,"179,332,352", -   ,0
184,2,3,2,1,,1630996992,-9999.990234,3.819999933,8198272,0,0,"1,087,488,320","10,287",0.25,500185472,10334,0.73,"177,816,832", -   ,0
185,2,3,2,2,,1635720576,-9999.990234,3.819999933,4723584,0,0,"1,092,324,032","10,283",0.25,507802880,10326,0.73,"178,894,080", -   ,0
186,2,3,2,3,,1588363392,-9999.990234,3.829999924,47357184,0,0.009999991,"1,057,064,512","10,288",0.26,475601152,10349,0.74,"172,939,520", -   ,0
187,2,3,2,4,,1455600768,-9999.990234,3.829999924,132762624,0,0,"965,967,488","10,277",0.26,424384576,10338,0.74,"157,807,360","10,867",0
188,2,3,2,5,,1356557184,836.6099854,3.829999924,99043584,10836.60022,0,"903,796,448",585,0.26,398058560,512,0.74,"147,604,224",51,0
189,2,3,2,6,,1110798848,701.5200195,3.829999924,245758336,135.0899659,0,"740,028,704",484,0.26,314882112,411,0.74,"121,128,832",43,0
190,2,4,0,0,,138079264,108.0899963,3.960000038,,,,"1,501,116,000","10,108",0.14,39521040,41,0.53,"16,563,688",6, -   
191,2,4,0,1,,137525792,108.6299973,3.960000038,553472,0.540001,0,"1,493,471,200","10,109",0.14,38513264,40,0.53,"16,470,632",6, -   
192,2,4,0,2,,137780800,108.0400009,3.960000038,255008,0.5899964,0,"1,497,939,776","10,108",0.14,39227592,40,0.53,"16,523,184",6, -   
193,2,4,0,3,,133787984,107.1900024,3.960000038,3992816,0.8499985,0,"1,454,575,408","10,107",0.13,36703248,38,0.53,"16,042,496",6, -   
194,2,4,0,4,,121580232,101.4800034,3.960000038,12207752,5.709999,0,"1,334,020,536","10,101",0.13,32393976,35,0.53,"14,683,904",6, -   
195,2,4,0,5,,111906368,93.62000275,3.960000038,9673864,7.86000065,0,"1,244,650,816",743,0.13,30946608,32,0.53,"13,715,280",5, -   
196,2,4,0,6,,88705680,79.26999664,3.960000038,23200688,14.35000611,0,"1,022,093,168",622,0.13,24394084,25,0.53,"11,248,640",5, -   
197,2,4,1,0,,657693120,456.0700073,4.090000153,,,,"519,613,856",348,0.13,113534848,174,0.52,"71,164,928",25,0
198,2,4,1,1,,654290176,457.9100037,4.090000153,3402944,1.8399964,0,"516,764,384",349,0.13,110781504,170,0.52,"70,623,552",25,0
199,2,4,1,2,,656240384,455.7200012,4.090000153,1950208,2.1900025,0,"518,459,584",348,0.13,112843840,173,0.52,"70,996,864",25,0
200,2,4,1,3,,636765952,450.8800049,4.090000153,19474432,4.8399963,0,"502,977,968",344,0.13,105467072,163,0.52,"68,668,480",25,0
201,2,4,1,4,,581679552,423.25,4.090000153,55086400,27.6300049,0,"460,099,320",322,0.13,92046272,146,0.52,"62,701,376",23,0
202,2,4,1,5,,542394624,389.769989,4.090000153,39284928,33.480011,0,"430,488,256",296,0.13,89633888,138,0.52,"58,769,824",22,0
203,2,4,1,6,,441444672,324.2000122,4.090000153,100949952,65.5699768,0,"352,738,992",245,0.13,70674528,106,0.52,"48,110,304",18, -   
204,2,4,2,0,,1800963840,-9999.990234,4.349999905,,,,"1,143,270,720","10,456",0.26,161768576,0,0.53,"183,336,320", -   ,0
205,2,4,2,1,,1788862336,-9999.990234,4.349999905,12101504,0,0,"1,134,572,160","10,458",0.26,157865344,0,0.53,"181,835,264", -   ,0
206,2,4,2,2,,1796587392,-9999.990234,4.349999905,7725056,0,0,"1,140,347,008","10,456",0.26,160866816,0,0.53,"182,861,440", -   ,0
207,2,4,2,3,,1738099968,-9999.990234,4.349999905,58487424,0,0,"1,101,334,016","10,451",0.26,149736576,0,0.52,"176,465,152", -   ,0
208,2,4,2,4,,1584833920,-9999.990234,4.349999905,153266048,0,0,"1,003,154,368","10,423",0.26,129233152,0,0.52,"160,899,072", -   ,0
209,2,4,2,5,,1483684736,-9999.990234,4.349999905,101149184,0,0,"941,290,112","10,390",0.26,127127552,10837,0.52,"150,807,168", -   ,0
210,2,4,2,6,,1212364800,-9999.990234,4.349999905,271319936,0,0,"770,920,128","10,324",0.26,101565952,10702,0.52,"123,436,416", -   ,0
211,3,0,0,0,,4384027.5,14.89000034,2.339999914,,,,"1,796,579,813","10,015",2.01,133695236.5,93,1.62,"6,593,735",5,0
212,3,0,0,1,,5383668.5,15.5,2.339999914,999641,0.60999966,0,"1,783,478,668","10,015",2.01,132142123.5,93,1.62,"6,854,433",5,0
213,3,0,0,2,,4857349,15.18000031,2.339999914,526319.5,0.31999969,0,"1,791,730,043","10,015",2.01,132923451,93,1.62,"6,705,628",5,0
214,3,0,0,3,,6212419,15.96000004,2.339999914,1355070,0.77999973,0,"1,731,887,549","10,016",2.01,127575565,91,1.62,"7,049,719",5,0
215,3,0,0,4,,5112136,15.31999969,2.339999914,1100283,0.64000035,0,"1,579,721,784","10,015",2.01,116468096,86,1.62,"6,774,995",5,0
216,3,0,0,5,,4109120.5,14.77000046,2.339999914,1003015.5,0.54999923,0,"1,479,575,616","10,015",2.01,107797247.5,79,1.62,"6,364,815",5,0
217,3,0,0,6,,1186834.38,12.85999966,2.339999914,2922286.12,1.9100008,0,"1,211,177,966","10,013",2.01,87518845.62,66,1.62,"5,537,787",5,0
218,3,0,1,0,,136792720,40.90999985,2.390000105,,,,"132,408,693",26,0.05,520900400,415,1.7,"58,080,304",6,0
219,3,0,1,1,,140309520,41.68999863,2.390000105,3516800,0.77999878,0,"134,925,852",26,0.05,513980656,416,1.7,"58,608,216",6,0
220,3,0,1,2,,138367792,41.27999878,2.390000105,1941728,0.40999985,0,"133,510,443",26,0.05,517872592,414,1.7,"58,360,864",6,0
221,3,0,1,3,,142044416,42.29999924,2.390000105,3676624,1.02000046,0,"135,831,997",26,0.05,494721536,409,1.7,"58,308,752",6,0
222,3,0,1,4,,133478896,41.22999954,2.390000105,8565520,1.0699997,0,"128,366,760",26,0.05,448200656,382,1.7,"54,455,024",6,0
223,3,0,1,5,,124794880,40.70999908,2.390000105,8684016,0.52000046,0,"120,685,760",26,0.05,417599744,349,1.7,"51,160,624",6,0
224,3,0,1,6,,104231256,38.02999878,2.390000105,20563624,2.6800003,0,"103,044,422",25,0.05,337213416,286,1.7,"43,179,192",6,0
225,3,0,2,0,,546507136,74.62000275,2.539999962,,,,"409,714,416",34,0.15,1254456704,10075,1.81,"211,787,328",9,0
226,3,0,2,1,,555939840,76.98000336,2.539999962,9432704,2.36000061,0,"415,630,320",35,0.15,1232922496,10077,1.81,"212,689,600",9,0
227,3,0,2,2,,551011712,75.73999786,2.539999962,4928128,1.2400055,0,"412,643,920",34,0.15,1245575680,10076,1.81,"212,255,200",9,0
228,3,0,2,3,,559498752,79.59999847,2.539999962,8487040,3.86000061,0,"417,454,336",37,0.15,1178601216,10080,1.81,"210,326,944",10,0
229,3,0,2,4,,528083552,78.25,2.539999962,31415200,1.34999847,0,"394,604,656",37,0.15,1056750368,10078,1.81,"195,668,384",10,0
230,3,0,2,5,,496761280,78.23000336,2.539999962,31322272,0.01999664,0,"371,966,400",38,0.15,986923456,10078,1.81,"183,425,376",10,0
231,3,0,2,6,,423282688,74.05999756,2.549999952,73478592,4.1700058,0.00999999,"319,051,432",36,0.16,789082112,10074,1.8,"153,999,488",9,0
232,3,1,0,0,,4985023,15.22999954,2.339999914,,,,"541,522,113",59,0.2,600995.5,0,0,"6,866,361",5,0
233,3,1,0,1,,5992328,15.81999969,2.339999914,1007305,0.59000015,0,"549,947,512",61,0.2,608659.5,0,0,"7,130,445",5,0
234,3,1,0,2,,5456690,15.52000046,2.339999914,535638,0.29999923,0,"545,555,022",60,0.2,599341,0,0,"6,977,737",5,0
235,3,1,0,3,,6811232.5,16.29000092,2.339999914,1354542.5,0.77000046,0,"552,687,520",63,0.2,598813.5,0,0,"7,321,645",5,0
236,3,1,0,4,,5686381,15.63000011,2.339999914,1124851.5,0.66000081,0,"522,397,171",63,0.2,574245,0,0,"7,036,055",5,0
237,3,1,0,5,,4610972,15.05000019,2.339999914,1075409,0.57999992,0,"492,150,308",63,0.2,501851.5,0,0,"6,593,460",5,0
238,3,1,0,6,,1607035.38,13.14000034,2.339999914,3003936.62,1.90999985,0,"421,675,653",61,0.21,420201,0,0,"5,729,166",5,0
239,3,1,1,0,,148294144,43.02999878,2.390000105,,,,"143,309,121",28,0.05,11501424,2,0,"61,771,776",6,0
240,3,1,1,1,,151893408,43.86000061,2.390000105,3599264,0.83000183,0,"145,901,080",28,0.05,11583888,2,0,"62,344,136",6,0
241,3,1,1,2,,149891136,43.43999863,2.390000105,2002272,0.42000198,0,"144,434,446",28,0.05,11523344,2,0,"62,056,800",6,0
242,3,1,1,3,,153482608,44.52000046,2.390000105,3591472,1.08000183,0,"146,671,376",28,0.05,11438192,2,0,"62,015,392",6,0
243,3,1,1,4,,143966096,43.34000015,2.390000105,9516512,1.18000031,0,"138,279,715",28,0.05,10487200,2,0,"57,853,632",6,0
244,3,1,1,5,,134636976,42.79999924,2.390000105,9329120,0.54000091,0,"130,026,004",28,0.05,9842096,2,0,"54,360,912",6,0
245,3,1,1,6,,112334760,39.91999817,2.390000105,22302216,2.88000107,0,"110,727,725",27,0.05,8103504,2,0,"45,793,780",6,0
246,3,1,2,0,,561935232,78.73999786,2.529999971,,,,"413,641,088",36,0.14,15428096,4,0.01,"194,800,192",6,0
247,3,1,2,1,,571076288,81.26999664,2.529999971,9141056,2.52999878,0,"419,182,880",37,0.14,15136448,4,0.01,"195,323,584",6,0
248,3,1,2,2,,566304192,79.94999695,2.529999971,4772096,1.31999969,0,"416,413,056",37,0.14,15292480,4,0.01,"195,121,504",6,0
249,3,1,2,3,,573674880,83.94000244,2.539999962,7370688,3.99000549,0.009999991,"420,192,272",39,0.15,14176128,4,0,"192,669,120",6,0
250,3,1,2,4,,540134400,82.12000275,2.539999962,33540480,1.81999969,0,"396,168,304",39,0.15,12050848,4,0,"178,918,720",6,0
251,3,1,2,5,,507736928,82.05999756,2.539999962,32397472,0.06000519,0,"373,099,952",39,0.15,10975648,4,0,"167,545,184",6,0
252,3,1,2,6,,431467008,77.11000061,2.539999962,76269920,4.94999695,0,"319,132,248",37,0.15,8184320,3,0.01,"140,419,520",6,0
253,3,2,0,0,,60288588,39.81000137,2.880000114,,,,"501,646,644",39,0.35,55303565,25,0.54,"19,432,132",5, -   
254,3,2,0,1,,61856180,40.91999817,2.880000114,1567592,1.1099968,0,"509,220,108",40,0.35,55863852,25,0.54,"19,671,004",5, -   
255,3,2,0,2,,60899132,40.38000107,2.880000114,957048,0.5399971,0,"505,405,060",40,0.35,55442442,25,0.54,"19,503,760",5, -   
256,3,2,0,3,,62254964,41.93000031,2.880000114,1355832,1.54999924,0,"511,419,916",42,0.34,55443731.5,26,0.54,"19,554,420",5, -   
257,3,2,0,4,,57900328,40.70999908,2.880000114,4354636,1.22000123,0,"482,234,072",41,0.34,52213947,25,0.54,"18,350,228",5, -   
258,3,2,0,5,,52556840,39.20000076,2.880000114,5343488,1.50999832,0,"455,180,088",43,0.34,47945868,24,0.54,"17,001,400",5, -   
259,3,2,0,6,,41933536,35.40999985,2.880000114,10623304,3.79000091,0,"389,533,472",42,0.34,40326500.62,22,0.54,"14,296,106",5, -   
260,3,2,1,0,,412552224,132.5899963,2.970000029,,,,"352,263,636",93,0.09,264258080,90,0.58,"114,539,616",15,0
261,3,2,1,1,,416981312,138.4199982,2.970000029,4429088,5.8300019,0,"355,125,132",98,0.09,265087904,95,0.58,"114,729,088",16,0
262,3,2,1,2,,414130944,135.7799988,2.970000029,2850368,2.6399994,0,"353,231,812",95,0.09,264239808,92,0.58,"114,553,280",15,0
263,3,2,1,3,,413787232,144.6399994,2.970000029,343712,8.8600006,0,"351,532,268",103,0.09,260304624,100,0.58,"112,532,864",16,0
264,3,2,1,4,,386075168,139.9900055,2.970000029,27712064,4.6499939,0,"328,174,840",99,0.09,242109072,97,0.58,"104,277,792",16,0
265,3,2,1,5,,357695808,135.4799957,2.970000029,28379360,4.5100098,0,"305,138,968",96,0.09,223058832,93,0.58,"97,051,408",15,0
266,3,2,1,6,,297362784,121.4899979,2.970000029,60333024,13.9899978,0,"255,429,248",86,0.09,185028024,82,0.58,"80,391,712",14,0
267,3,2,2,0,,1510772608,359.3299866,3.140000105,,,,"1,098,220,384",227,0.17,948837376,281,0.61,"383,981,824",41,0
268,3,2,2,1,,1513190016,376.0599976,3.140000105,2417408,16.730011,0,"1,096,208,704",238,0.17,942113728,295,0.61,"382,378,496",42,0
269,3,2,2,2,,1511163904,367.8399963,3.140000105,2026112,8.2200013,0,"1,097,032,960",232,0.17,944859712,288,0.61,"383,246,208",42,0
270,3,2,2,3,,1484592384,393.1199951,3.140000105,26571520,25.2799988,0,"1,070,805,152",248,0.17,910917504,309,0.6,"371,830,144",44,0
271,3,2,2,4,,1372372096,381.1499939,3.140000105,112220288,11.9700012,0,"986,296,928",241,0.17,832237696,299,0.6,"341,155,904",43,0
272,3,2,2,5,,1277373184,365.8099976,3.140000105,94998912,15.3399963,0,"919,677,376",230,0.17,769636256,284,0.6,"318,874,560",41,0
273,3,2,2,6,,1057999040,326.6600037,3.140000105,219374144,39.1499939,0,"760,636,256",205,0.17,626532032,250,0.6,"262,082,304",37,0
274,3,3,0,0,,132009232,75.61000061,3.440000057,,,,"1,378,763,376",284,0.3,71720644,36,0.56,"33,451,008",8,0
275,3,3,0,1,,132411608,77.02999878,3.440000057,402376,1.41999817,0,"1,380,778,408",299,0.3,70555428,36,0.56,"33,399,080",8,0
276,3,3,0,2,,131957944,75.94000244,3.440000057,453664,1.08999634,0,"1,379,205,960",292,0.3,71058812,36,0.56,"33,404,736",8,0
277,3,3,0,3,,129714672,77.29000092,3.440000057,2243272,1.34999848,0,"1,354,877,712",316,0.3,67459708,35,0.56,"32,629,936",9,0
278,3,3,0,4,,119283904,74.79000092,3.440000057,10430768,2.5,0,"1,253,088,192",306,0.3,61383576,34,0.56,"30,097,648",8,0
279,3,3,0,5,,108953520,69.33999634,3.440000057,10330384,5.45000458,0,"1,168,419,664",296,0.3,56396680,30,0.56,"27,993,760",8,0
280,3,3,0,6,,87375104,61.25999832,3.440000057,21578416,8.07999802,0,"970,623,936",265,0.3,45441568,26,0.56,"23,063,508",7,0
281,3,3,1,0,,702602240,317.1499939,3.579999924,,,,"570,593,008",242,0.14,290050016,185,0.61,"158,443,968",35,0
282,3,3,1,1,,701162496,323.4100037,3.579999924,1439744,6.2600098,0,"568,750,888",246,0.14,284181184,185,0.61,"157,653,824",36,0
283,3,3,1,2,,701496832,318.2399902,3.579999924,334336,5.1700135,0,"569,538,888",242,0.14,287365888,182,0.61,"158,100,288",35,0
284,3,3,1,3,,684662464,323.2399902,3.579999924,16834368,5,0,"554,947,792",246,0.14,270875232,179,0.61,"153,363,584",36,0
285,3,3,1,4,,630130112,311.9200134,3.579999924,54532352,11.3199768,0,"510,846,208",237,0.14,244054944,172,0.61,"140,496,832",34,0
286,3,3,1,5,,583954688,282.8200073,3.579999924,46175424,29.1000061,0,"475,001,168",213,0.14,226258880,147,0.61,"131,193,952",31,0
287,3,3,1,6,,478390944,244.6799927,3.579999924,105563744,38.1400146,0,"391,015,840",183,0.14,181028160,123,0.61,"107,620,800",27,0
288,3,3,2,0,,2066699264,-9999.990234,3.880000114,,,,"1,364,097,024","10,317",0.3,555926656,10359,0.74,"427,504,000", -   ,0
289,3,3,2,1,,2055135744,-9999.990234,3.880000114,11563520,0,0,"1,353,973,248","10,323",0.3,541945728,10376,0.74,"424,138,752", -   ,0
290,3,3,2,2,,2062000384,-9999.990234,3.880000114,6864640,0,0,"1,360,503,552","10,318",0.3,550836480,10368,0.74,"426,279,808", -   ,0
291,3,3,2,3,,2000547328,-9999.990234,3.880000114,61453056,0,0,"1,315,884,864","10,323",0.3,515954944,10393,0.74,"412,183,936", -   ,0
292,3,3,2,4,,1831280512,-9999.990234,3.880000114,169266816,0,0,"1,201,150,400","10,312",0.3,458908416,10381,0.74,"375,679,744", -   ,0
293,3,3,2,5,,1708411520,-9999.990234,3.880000114,122868992,0,0,"1,124,456,832","10,283",0.3,431038336,10366,0.74,"351,854,336","10,837",0
294,3,3,2,6,,1399131648,794.3599854,3.880000114,309279872,10794.35022,0,"920,740,704",550,0.3,341132608,468,0.74,"288,332,800",93,0
295,3,4,0,0,,177701696,120.6299973,3.960000038,,,,"1,888,997,568","10,121",0.08,45692464,45,0.52,"39,622,432",13, -   
296,3,4,0,1,,176920880,121.2399979,3.960000038,780816,0.6100006,0,"1,878,214,864","10,121",0.08,44509272,44,0.52,"39,395,088",13, -   
297,3,4,0,2,,177309520,120.5800018,3.960000038,388640,0.6599961,0,"1,884,690,864","10,121",0.08,45351576,45,0.52,"39,528,720",13, -   
298,3,4,0,3,,172148208,119.6699982,3.960000038,5161312,0.9100036,0,"1,828,399,120","10,120",0.08,42433536,42,0.52,"38,360,224",12, -   
299,3,4,0,4,,156671360,113.4100037,3.960000038,15476848,6.2599945,0,"1,674,609,152","10,113",0.08,37387456,39,0.52,"35,091,128",12, -   
300,3,4,0,5,,144694240,104.6999969,3.960000038,11977120,8.7100068,0,"1,563,717,280","10,105",0.08,35740720,35,0.52,"32,787,872",11, -   
301,3,4,0,6,,115592200,88.94000244,3.960000038,29102040,15.75999446,0,"1,283,539,448",705,0.08,28217096,28,0.52,"26,886,520",10, -   
302,3,4,1,0,,822169280,504.2600098,4.090000153,,,,"644,467,584",384,0.13,119567040,187,0.51,"164,476,160",48, -   
303,3,4,1,1,,817639168,506.2999878,4.090000153,4530112,2.039978,0,"640,718,288",385,0.13,116476672,183,0.51,"163,348,992",48, -   
304,3,4,1,2,,820325632,503.8699951,4.090000153,2686464,2.4299927,0,"643,016,112",383,0.13,118828800,186,0.51,"164,085,248",48, -   
305,3,4,1,3,,795608448,498.5499878,4.090000153,24717184,5.3200073,0,"623,460,240",379,0.13,110945984,175,0.51,"158,842,496",48, -   
306,3,4,1,4,,726867264,468.0799866,4.090000153,68741184,30.4700012,0,"570,195,904",355,0.13,96737152,156,0.51,"145,187,712",45, -   
307,3,4,1,5,,678227072,431.0599976,4.090000153,48640192,37.019989,0,"533,532,832",326,0.13,94272384,148,0.51,"135,832,448",41, -   
308,3,4,1,6,,552722752,358.6300049,4.090000153,125504320,72.4299927,0,"437,130,552",270,0.13,74331808,114,0.51,"111,278,080",34, -   
309,3,4,2,0,,2233258752,-9999.990234,4.409999847,,,,"1,411,089,472","10,504",0.32,166559488,0,0.53,"432,294,912", -   ,0
310,3,4,2,1,,2217433600,-9999.990234,4.409999847,15825152,0,0,"1,399,794,432","10,506",0.32,162297856,0,0.53,"428,571,264", -   ,0
311,3,4,2,2,,2227760128,-9999.990234,4.409999847,10326528,0,0,"1,407,434,496","10,504",0.32,165759744,0,0.53,"431,172,736", -   ,0
312,3,4,2,3,,2154349312,-9999.990234,4.409999847,73410816,0,0,"1,358,740,864","10,499",0.32,153801984,0,0.53,"416,249,344", -   ,0
313,3,4,2,4,,1964439040,-9999.990234,4.409999847,189910272,0,0,"1,237,571,776","10,468",0.32,133158528,0,0.53,"379,605,120", -   ,0
314,3,4,2,5,,1839107456,-9999.990234,4.409999847,125331584,0,0,"1,160,880,384","10,431",0.32,130695936,0,0.53,"355,422,720", -   ,0
315,3,4,2,6,,1503726848,-9999.990234,4.409999847,335380608,0,0,"951,004,096","10,359",0.32,104595200,10794,0.53,"291,362,048", -   ,0
316,4,0,0,0,,14318056,19.53000069,2.339999914,,,,"2,218,940,696","10,020",2.07,163383640,101,1.62,"9,934,029",5, -   
317,4,0,0,1,,15658970,20.09000015,2.339999914,1340914,0.55999946,0,"2,201,774,630","10,020",2.07,161261910,101,1.62,"10,275,302",5, -   
318,4,0,0,2,,14926740,19.79999924,2.339999914,732230,0.29000091,0,"2,212,833,388","10,020",2.07,162382780,101,1.62,"10,069,391",5, -   
319,4,0,0,3,,16702699,20.54999924,2.339999914,1775959,0.75,0,"2,137,646,613","10,021",2.07,155445509,99,1.62,"10,490,280",5, -   
320,4,0,0,4,,15200837,19.87000084,2.339999914,1501862,0.6799984,0,"1,949,238,203","10,020",2.07,141470523,94,1.62,"10,088,701",5, -   
321,4,0,0,5,,13491281,19.29999924,2.339999914,1709556,0.5700016,0,"1,825,616,175","10,019",2.07,131202959,85,1.62,"9,382,161",5, -   
322,4,0,0,6,,9305694,17.37999916,2.339999914,4185587,1.92000008,0,"1,494,421,154","10,017",2.07,106286506,72,1.62,"8,118,860",5, -   
323,4,0,1,0,,237345376,47.47000122,2.400000095,,,,"223,027,320",28,0.06,584823904,457,1.69,"100,552,656",7,0
324,4,0,1,1,,241181840,48.25,2.400000095,3836464,0.77999878,0,"225,522,870",28,0.06,576457328,458,1.69,"100,872,320",7,0
325,4,0,1,2,,239069216,47.83000183,2.400000095,2112624,0.41999817,0,"224,142,476",28,0.06,581256416,456,1.69,"100,701,424",7,0
326,4,0,1,3,,241505392,48.84999847,2.410000086,2436176,1.01999664,0.009999991,"224,802,693",28,0.07,554103056,450,1.68,"99,460,976",7,0
327,4,0,1,4,,225544000,47.68000031,2.410000086,15961392,1.16999816,0,"210,343,163",28,0.07,501323264,420,1.68,"92,065,104",6,0
328,4,0,1,5,,211057648,47.11000061,2.410000086,14486352,0.5699997,0,"197,566,367",28,0.07,467169424,384,1.68,"86,262,768",6,0
329,4,0,1,6,,176272480,44.25,2.410000086,34785168,2.86000061,0,"166,966,786",27,0.07,376450272,314,1.68,"72,041,224",6,0
330,4,0,2,0,,854337024,84.41999817,2.569999933,,,,"616,991,648",37,0.17,1378921728,10084,1.84,"307,829,888",10,0
331,4,0,2,1,,863999488,87.05000305,2.569999933,9662464,2.63000488,0,"622,817,648",39,0.17,1353434112,10087,1.84,"308,059,648",10,0
332,4,0,2,2,,859129344,85.66999817,2.569999933,4870144,1.38000488,0,"620,060,128",38,0.17,1368630784,10086,1.84,"308,117,632",10,0
333,4,0,2,3,,862512192,90,2.569999933,3382848,4.33000183,0,"621,006,800",41,0.16,1291837120,10090,1.84,"303,013,440",10,0
334,4,0,2,4,,808455168,88.55000305,2.579999924,54057024,1.44999695,0.009999991,"582,911,168",41,0.17,1155983872,10089,1.83,"280,371,616",10,0
335,4,0,2,5,,759328192,88.55000305,2.579999924,49126976,0,0,"548,270,544",41,0.17,1079779264,10089,1.83,"262,566,912",10,0
336,4,0,2,6,,642355136,83.93000031,2.579999924,116973056,4.62000274,0,"466,082,656",40,0.17,861371712,10084,1.83,"219,072,448",10,0
337,4,1,0,0,,15493634,19.93000031,2.339999914,,,,"838,843,390",64,0.23,1175578,0,0,"10,508,611",5, -   
338,4,1,0,1,,16834934,20.5,2.339999914,1341300,0.56999969,0,"847,164,554",67,0.23,1175964,0,0,"10,842,606",5, -   
339,4,1,0,2,,16094101,20.20000076,2.339999914,740833,0.29999924,0,"843,035,243",65,0.23,1167361,0,0,"10,637,411",5, -   
340,4,1,0,3,,17843996,20.92000008,2.339999914,1749895,0.71999932,0,"844,668,196",69,0.23,1141297,0,0,"11,032,764",5, -   
341,4,1,0,4,,16289627,20.25,2.339999914,1554369,0.67000008,0,"792,165,541",68,0.24,1088790,0,0,"10,603,246",5, -   
342,4,1,0,5,,14439257,19.65999985,2.339999914,1850370,0.59000015,0,"744,888,935",69,0.24,947976,0,0,"9,828,285",5, -   
343,4,1,0,6,,10081856,17.70999908,2.339999914,4357401,1.95000077,0,"632,273,280",66,0.24,776162,0,0,"8,474,821",5, -   
344,4,1,1,0,,255190848,50.20000076,2.400000095,,,,"239,697,214",30,0.06,17845472,3,0,"106,896,704",7,0
345,4,1,1,1,,259094992,51.06000137,2.400000095,3904144,0.86000061,0,"242,260,058",31,0.06,17913152,3,0,"107,201,584",7,0
346,4,1,1,2,,256944832,50.61999893,2.400000095,2150160,0.44000244,0,"240,850,731",30,0.06,17875616,3,0,"107,053,696",7,0
347,4,1,1,3,,259016848,51.74000168,2.410000086,2072016,1.12000275,0.009999991,"241,172,852",31,0.07,17511456,3,0,"105,534,240",7,0
348,4,1,1,4,,241544512,50.41999817,2.410000086,17472336,1.32000351,0,"225,254,885",30,0.07,16000512,3,0,"97,578,416",7,0
349,4,1,1,5,,226044624,49.84000015,2.410000086,15499888,0.57999802,0,"211,605,367",30,0.07,14986976,3,0,"91,407,648",7,0
350,4,1,1,6,,188531120,46.70000076,2.410000086,37513504,3.13999939,0,"178,449,264",29,0.07,12258640,2,0,"76,196,360",7,0
351,4,1,2,0,,874969472,89.77999878,2.569999933,,,,"619,778,624",40,0.17,20632448,5,0,"313,034,240",11,0
352,4,1,2,1,,884287232,92.65000153,2.569999933,9317760,2.87000275,0,"625,192,240",42,0.17,20287744,6,0,"313,210,944",11,0
353,4,1,2,2,,879618816,91.15000153,2.569999933,4668416,1.5,0,"622,673,984",41,0.17,20489472,5,0,"313,314,624",11,0
354,4,1,2,3,,881630464,95.69000244,2.569999933,2011648,4.54000091,0,"622,613,616",44,0.16,19118272,6,0,"307,955,584",12,0
355,4,1,2,4,,824621120,93.63999939,2.579999924,57009344,2.05000305,0.009999991,"583,076,608",43,0.17,16165952,5,0,"284,486,720",12,0
356,4,1,2,5,,774367040,93.61000061,2.579999924,50254080,0.02999878,0,"548,322,416",44,0.17,15038848,5,0,"266,630,112",12,0
357,4,1,2,6,,653770880,88.02999878,2.579999924,120596160,5.58000183,0,"465,239,760",41,0.17,11415744,4,0,"222,303,872",11,0
358,4,2,0,0,,86688800,45.09000015,2.890000105,,,,"788,280,672",45,0.32,71195166,25,0.55,"26,400,212",5,0
359,4,2,0,1,,88519728,46.31999969,2.890000105,1830928,1.22999954,0,"795,767,504",46,0.32,71684794,26,0.55,"26,663,548",5,0
360,4,2,0,2,,87376872,45.72000122,2.890000105,1142856,0.59999847,0,"792,241,944",45,0.32,71282771,26,0.55,"26,477,740",5,0
361,4,2,0,3,,88669680,47.45000076,2.890000105,1292808,1.72999954,0,"792,960,784",48,0.32,70825684,27,0.55,"26,414,716",6,0
362,4,2,0,4,,82615344,46.13000107,2.890000105,6054336,1.31999969,0,"742,005,776",48,0.31,66325717,26,0.55,"24,715,016",5,0
363,4,2,0,5,,75509920,44.56999969,2.890000105,7105424,1.56000138,0,"698,857,120",49,0.31,61070663,25,0.55,"22,953,080",5,0
364,4,2,0,6,,61134112,40.54000092,2.890000105,14375808,4.02999877,0,"592,636,768",47,0.31,51052256,23,0.55,"19,200,576",5,0
365,4,2,1,0,,566627584,147.3500061,2.99000001,,,,"479,938,784",102,0.1,311436736,97,0.59,"154,075,360",15,0
366,4,2,1,1,,570980928,153.7599945,2.99000001,4353344,6.4099884,0,"482,461,200",107,0.1,311885936,103,0.59,"153,999,616",15,0
367,4,2,1,2,,568101888,150.8699951,2.99000001,2879040,2.8899994,0,"480,725,016",105,0.1,311157056,100,0.59,"153,970,944",15,0
368,4,2,1,3,,564675456,160.6199951,2.99000001,3426432,9.75,0,"476,005,776",113,0.1,305658608,109,0.58,"150,888,224",16,0
369,4,2,1,4,,525305664,155.5099945,2.99000001,39369792,5.1100006,0,"442,690,320",109,0.1,283761152,105,0.58,"139,230,496",16,0
370,4,2,1,5,,487304000,150.5700073,2.99000001,38001664,4.9399872,0,"411,794,080",106,0.1,261259376,101,0.58,"129,608,192",15,0
371,4,2,1,6,,404634272,135.1600037,2.99000001,82669728,15.4100036,0,"343,500,160",95,0.1,216103152,88,0.58,"107,271,488",14,0
372,4,2,2,0,,2015755520,405.1700134,3.180000067,,,,"1,449,127,936",258,0.19,1140786048,315,0.61,"504,982,912",46,0
373,4,2,2,1,,2014934016,423.6499939,3.180000067,821504,18.4799805,0,"1,443,953,088",270,0.19,1130646784,331,0.61,"501,744,000",48,0
374,4,2,2,2,,2014975104,414.4599915,3.180000067,41088,9.1900024,0,"1,446,873,216",264,0.19,1135356288,323,0.61,"503,811,200",47,0
375,4,2,2,3,,1973417984,442.2600098,3.180000067,41557120,27.8000183,0,"1,408,742,528",282,0.19,1091787520,347,0.61,"488,825,600",49,0
376,4,2,2,4,,1819754624,428.980011,3.180000067,153663360,13.2799988,0,"1,294,448,960",273,0.19,995133504,335,0.6,"447,382,528",48,0
377,4,2,2,5,,1694294528,411.1900024,3.180000067,125460096,17.7900086,0,"1,206,990,528",261,0.19,919927488,318,0.6,"416,921,344",45,0
378,4,2,2,6,,1401500416,367.3699951,3.180000067,292794112,43.8200073,0,"996,866,144",232,0.19,747729536,279,0.6,"343,501,376",41,0
379,4,3,0,0,,175275424,84.37000275,3.440000057,,,,"1,840,480,096",321,0.26,88586624,39,0.55,"43,266,192",9, -   
380,4,3,0,1,,175580320,85.95999908,3.440000057,304896,1.58999633,0,"1,839,353,696",338,0.26,87060592,40,0.55,"43,168,712",9, -   
381,4,3,0,2,,175157552,84.73999786,3.440000057,422768,1.22000122,0,"1,839,817,552",330,0.26,87780680,39,0.55,"43,199,608",9, -   
382,4,3,0,3,,171829632,86.26999664,3.440000057,3327920,1.52999878,0,"1,801,588,352",356,0.26,83159952,39,0.55,"42,114,960",9, -   
383,4,3,0,4,,158084000,83.56999969,3.440000057,13745632,2.69999695,0,"1,661,670,624",345,0.26,75468656,37,0.55,"38,800,096",9, -   
384,4,3,0,5,,145046528,77.55999756,3.440000057,13037472,6.01000213,0,"1,549,248,000",334,0.26,69536608,33,0.55,"36,093,008",8, -   
385,4,3,0,6,,117088040,68.76000214,3.440000057,27958488,8.79999542,0,"1,284,412,376",299,0.26,55953928,28,0.55,"29,712,936",8, -   
386,4,3,1,0,,906228544,356.4299927,3.599999905,,,,"730,953,120",272,0.16,339600960,209,0.61,"203,626,304",39,0
387,4,3,1,1,,903475584,363.230011,3.599999905,2752960,6.8000183,0,"727,895,264",277,0.16,332494656,209,0.61,"202,313,088",40,0
388,4,3,1,2,,904658304,357.5700073,3.599999905,1182720,5.6600037,0,"729,500,752",273,0.16,336556416,207,0.61,"203,161,472",39,0
389,4,3,1,3,,881290304,362.769989,3.599999905,23368000,5.1999817,0,"709,460,672",276,0.16,316614848,202,0.61,"196,627,840",40,0
390,4,3,1,4,,810092096,349.9899902,3.599999905,71198208,12.7799988,0,"652,008,096",266,0.16,284786432,194,0.61,"179,961,984",38,0
391,4,3,1,5,,752169344,317.269989,3.599999905,57922752,32.7200012,0,"607,122,816",240,0.16,264865344,167,0.61,"168,214,656",34,0
392,4,3,1,6,,616280896,274.269989,3.599999905,135888448,43,0,"499,192,856",206,0.16,211646624,139,0.61,"137,889,952",30,0
393,4,3,2,0,,2606264064,-9999.990234,3.920000076,,,,"1,700,035,520","10,356",0.32,590508544,10405,0.74,"539,564,800", -   ,0
394,4,3,2,1,,2590703104,-9999.990234,3.920000076,15560960,0,0,"1,687,227,520","10,363",0.32,575769088,10424,0.74,"535,567,360", -   ,0
395,4,3,2,2,,2600177664,-9999.990234,3.920000076,9474560,0,0,"1,695,519,360","10,358",0.32,585202560,10414,0.74,"538,177,280", -   ,0
396,4,3,2,3,,2520626688,-9999.990234,3.920000076,79550976,0,0,"1,639,336,384","10,363",0.32,547208704,10442,0.74,"520,079,360", -   ,0
397,4,3,2,4,,2305556736,-9999.990234,3.920000076,215069952,0,0,"1,495,464,640","10,350",0.32,485802112,10429,0.74,"474,276,224", -   ,0
398,4,3,2,5,,2152897024,-9999.990234,3.920000076,152659712,0,0,"1,400,727,680","10,317",0.32,458602496,10411,0.74,"444,485,504", -   ,0
399,4,3,2,6,,1763094144,898.4099731,3.920000076,389802880,10898.40021,0,"1,146,813,248",624,0.32,361593728,531,0.74,"363,962,496",104,0
400,4,4,0,0,,227965072,134.0500031,3.970000029,,,,"2,378,298,992","10,134",0.05,52689648,50,0.53,"50,263,376",13,0
401,4,4,0,1,,226900560,134.7400055,3.970000029,1064512,0.6900024,0,"2,363,802,544","10,135",0.05,51320240,49,0.53,"49,979,680",14,0
402,4,4,0,2,,227459840,134,3.970000029,559280,0.7400055,0,"2,372,717,824","10,134",0.05,52302288,49,0.53,"50,150,320",13,0
403,4,4,0,3,,220785600,133.0099945,3.970000029,6674240,0.9900055,0,"2,299,841,088","10,133",0.05,48955968,47,0.53,"48,637,392",13,0
404,4,4,0,4,,201145072,126.1600037,3.970000029,19640528,6.8499908,0,"2,104,411,664","10,126",0.05,43061072,43,0.53,"44,473,712",13,0
405,4,4,0,5,,186270096,116.5400009,3.970000029,14874976,9.6200028,0,"1,966,626,928","10,117",0.05,41223568,39,0.53,"41,575,856",12,0
406,4,4,0,6,,149676688,99.23000336,3.970000029,36593408,17.30999754,0,"1,613,417,456",799,0.05,32588648,30,0.53,"34,084,488",10,0
407,4,4,1,0,,1033896384,562.9099731,4.110000134,,,,"805,931,312",429,0.14,127667840,206,0.51,"211,727,104",59,0
408,4,4,1,1,,1027760768,565.0300293,4.110000134,6135616,2.1200562,0,"800,860,208",430,0.14,124285184,202,0.51,"210,121,600",59,0
409,4,4,1,2,,1031538880,562.4500122,4.110000134,3778112,2.5800171,0,"804,079,040",428,0.14,126880576,205,0.51,"211,213,248",59,0
410,4,4,1,3,,999897856,556.289978,4.110000134,31641024,6.1600342,0,"779,112,256",423,0.14,118607552,194,0.51,"204,289,408",58,0
411,4,4,1,4,,913276416,521.8699951,4.110000134,86621440,34.4199829,0,"712,131,344",396,0.14,103184320,172,0.51,"186,409,152",54,0
412,4,4,1,5,,852794048,481.1700134,4.110000134,60482368,40.6999817,0,"666,523,952",365,0.14,100624704,164,0.51,"174,566,976",50,0
413,4,4,1,6,,695791680,400.1799927,4.110000134,157002368,80.9900207,0,"546,114,992",301,0.14,79510784,126,0.51,"143,068,928",42,0
414,4,4,2,0,,2775362048,-9999.990234,4.449999809,,,,"1,741,465,664","10,563",0.34,169097984,0,0.53,"542,103,296", -   ,0
415,4,4,2,1,,2754782720,-9999.990234,4.449999809,20579328,0,0,"1,727,021,952","10,565",0.34,164079616,0,0.53,"537,349,120", -   ,0
416,4,4,2,2,,2768443136,-9999.990234,4.449999809,13660416,0,0,"1,736,904,256","10,562",0.34,168265472,0,0.53,"540,683,008", -   ,0
417,4,4,2,3,,2676181248,-9999.990234,4.449999809,92261888,0,0,"1,676,283,392","10,556",0.34,155554560,0,0.53,"521,831,936", -   ,0
418,4,4,2,4,,2440260864,-9999.990234,4.449999809,235920384,0,0,"1,526,984,448","10,522",0.34,134704128,0,0.53,"475,821,824", -   ,0
419,4,4,2,5,,2284357888,-9999.990234,4.449999809,155902976,0,0,"1,431,563,840","10,481",0.34,131460864,0,0.53,"445,250,432", -   ,0
420,4,4,2,6,,1868889728,-9999.990234,4.449999809,415468160,0,0,"1,173,098,048","10,400",0.34,105795584,10898,0.53,"365,162,880", -   ,0
,,,,,,,,,"32,105,979.97",128,0,"719,368,085","2,373",0.27,"243,667,126","1,354",0.64,"129,419,978",82,0.02
